"","V1","V2"
"DEH1-1-106",-0.0399655881729507,0.118327788017454
"DEH1-1-112",-0.193071496354693,-0.10040362094193
"DEH1-1-116",-0.0876091182698828,-0.0237436397187301
"DEH1-1-173",-0.143747420613277,0.0459571524937293
"DEH1-1-187",-0.0748330680635979,0.02081689745848
"DEH1-1-190",0.00132239095614501,0.0121093230743348
"DEH1-1-302",-0.0891323815274181,-0.0165775008019758
"DEH1-1-304",-0.0889332837994614,-0.0629411854206845
"DEH1-1-31",-0.157280401559751,0.0249984148914403
"DEH1-1-331",-0.014897956435624,0.0200485380386927
"DEH1-1-345",-0.0674259846336023,-0.054410910684964
"DEH1-1-363",-0.117186228254498,0.0828964366921984
"DEH1-1-369",0.123464086469798,-0.0344294643635284
"DEH1-1-399",-0.154814808830466,0.0434074862131838
"DEH1-1-40",-0.124882131684498,0.0759444063902421
"DEH1-1-414",0.174271687811435,-0.0229409932227681
"DEH1-1-422",0.128557308853316,-0.0202364365133346
"DEH1-1-439",-0.118446481164084,-0.13046890462415
"DEH1-1-500",0.0583662856228333,0.0168274629400335
"DEH1-1-6",0.14104518028937,-0.0542524130564543
"DEH1-1-75",-0.196304882555742,-0.000244285344476723
"DEH1-1-91",-0.0735402155608527,0.0678104963759285
"DEH1-2-505",-0.12530265218295,0.0317829841251011
"DEH1-2-514",-0.124152830789102,-0.186899710950072
"DEH1-2-522",0.0542211975683956,-0.107193880652485
"DEH1-2-530",-0.125789707725125,-0.0687690534725342
"DEH1-2-580",-0.0707858190602204,-0.0903414151242365
"DEH1-2-585",-0.114158165957475,0.10568787780215
"DEH1-2-610",0.0284510325411065,0.113339233052192
"DEH1-2-614",0.0163706918119344,0.0511833254927619
"DEH1-2-637",-0.201573010561745,0.0122914724592251
"DEH1-2-655",-0.0936787703801638,-0.0442173950121369
"DEH1-2-689",0.004278473623409,0.0436255337264354
"DEH1-2-713",0.0522810820860616,-0.11940504537882
"DEH1-2-719",0.0631236025995796,0.0185098683058271
"DEH1-2-720",-0.0580092945463305,-0.0729939622655463
"DEH1-2-751",-0.082941126415505,-0.0134328478165393
"DEH1-2-756",0.0661061492403377,-0.0124118300654581
"DEH1-2-780",0.191750485183493,-0.0253098113252652
"DEH1-2-791",-0.189669573832864,-0.0107882702153965
"DEH1-2-809",0.13885311744487,0.00577684371013886
"DEH1-2-827",-0.135571767941302,0.0115940712563585
"DEH1-2-839",-0.0887793443932969,0.0423878505487673
"DEH1-2-846",-0.00183156183782502,0.0462176357691633
"DEH1-2-860",0.0669861184659815,0.0231096328248511
"DEH1-2-866",-0.0990235103035988,0.0790539744257649
"DEH1-2-900",-0.178685523248962,-0.0231034793893229
"DEH1-2-902",-0.198805598101931,0.0404505842871661
"DEH1-2-917",-0.181727141846478,-0.0670683109351362
"DEH1-2-923",-0.192792845493848,0.0733130424117613
"DEH1-2-937",0.069029490020098,-0.0293881549439946
"DEH1-2-968",0.251269185337123,0.0151192258683448
"DEH1-2-985",0.020849769869597,0.0191810099110391
"DEH1-2-987",0.149171250152628,0.0181768956137011
"GAH2-1-106",-0.187216253025823,-0.00670297630516121
"GAH2-1-108",-0.199956122928208,-0.0480995071756295
"GAH2-1-132",-0.16648567671304,-0.014978352555239
"GAH2-1-135",-0.0741996459975465,0.10035666355533
"GAH2-1-170",-0.181228269469201,-0.00783281283044746
"GAH2-1-184",-0.104892685806101,0.109158602963237
"GAH2-1-191",-0.138146983793493,0.0038631789996443
"GAH2-1-206",-0.0931378160116724,0.097939713944258
"GAH2-1-217",-0.189526450618292,0.0282725436553775
"GAH2-1-220",-0.20315132094827,0.0479698654787985
"GAH2-1-226",-0.108144466381199,0.0148254380014997
"GAH2-1-242",-0.14418217828751,0.0873299363775481
"GAH2-1-245",-0.113261191929122,0.109649130011121
"GAH2-1-38",-0.052547092018791,-0.0544584194991507
"GAH2-1-46",-0.154566778509217,0.0307634151824082
"GAH2-1-49",-0.14174554189856,0.0261902355978402
"GAH2-1-50",-0.114181518911192,0.0966241272303732
"GAH2-1-52",-0.175330425364846,0.0997986254031269
"GAH2-1-6",-0.191594368720763,-0.0515541079605052
"GAH2-1-73",-0.154391430967116,0.00214923574882412
"GAH2-1-83",-0.154515049380385,0.0881911855627138
"GAH2-1-86",-0.140937143946858,0.0143168045440538
"GAH2-1-98",-0.115017285811429,0.047454565167363
"GAH2-2-268",-0.0637689795694187,0.147371173794657
"GAH2-2-282",-0.192670786743164,-0.0466434454210409
"GAH2-2-284",-0.0813474044880385,0.0634575166733662
"GAH2-2-293",-0.147093181575491,0.0805970436830666
"GAH2-2-299",-0.190945301560882,0.0336988855882596
"GAH2-2-353",-0.25193462839914,0.0133993878639289
"GAH2-2-360",-0.103782275423418,0.0739343632763054
"GAH2-2-376",-0.0519876732225358,0.117898044089205
"GAH2-2-379",-0.0300231458970205,-0.123641341795502
"GAH2-2-383",-0.0106977843182622,0.0477522384668211
"GAH2-2-386",-0.0462187871949401,-0.0739635543691084
"GAH2-2-398",-0.172822952063341,0.0722973440184154
"GAH2-2-410",-0.155022611633451,-0.0520685202270518
"GAH2-2-412",-0.1378280193048,0.069967864378719
"GAH2-2-433",-0.0649774274357327,-0.0298345967655218
"GAH2-2-437",-0.0596218578133379,0.107961517727086
"GAH2-2-441",-0.10928880349086,0.00571367726223401
"GAH2-2-458",-0.0845893058808252,0.0897860642353746
"GAH2-2-461",-0.123555874085885,-0.0165471498761455
"GAH2-2-472",-0.227704101306428,0.0348394425016735
"GAH2-2-487",-0.10607760766182,0.0937259812545232
"GAH2-2-494",-0.0717548078506557,0.0238763423453193
"IAH2-1-148",0.0679323456534685,0.0664824137330586
"IAH2-1-160",0.151253791282528,0.00188648982253808
"IAH2-1-207",0.0782283314989217,0.0090461899796909
"IAH2-1-230",0.163814423034008,0.00352691732956695
"IAH2-1-238",0.217533412328321,0.0463973067697636
"IAH2-1-27",0.0426785584886914,0.0154384894373202
"IAH2-1-321",0.166850726557275,0.0224473490371934
"IAH2-1-345",0.152153729938557,0.00987603405955359
"IAH2-1-349",0.163212192632315,0.0335580955913308
"IAH2-1-378",0.00434429783461645,0.103294730686843
"IAH2-1-379",0.0789573864968786,0.0285237642477937
"IAH2-1-424",-0.0641949257392219,-0.0414272509901268
"IAH2-1-431",0.00684896316442836,0.0801260829029745
"IAH2-1-44",0.057432095890917,0.0568614571759199
"IAH2-1-452",0.0987094447509841,-0.0121525132344398
"IAH2-1-5",0.139352416946825,0.0231410910954596
"IAH2-1-85",0.267818073075978,0.0154391048929064
"IAH2-2-542",0.172075737427315,0.00848714516974091
"IAH2-2-562",0.170910721311301,0.030343926537894
"IAH2-2-570",0.0145931555705331,0.00682077015533243
"IAH2-2-605",0.177635003446166,0.0152944437227779
"IAH2-2-625",0.145320639161676,0.0047968202179858
"IAH2-2-633",-0.0890499584428275,-0.0537900684931208
"IAH2-2-638",0.184482964562855,0.0194339198106609
"IAH2-2-640",-0.0330268040453632,0.089381312317841
"IAH2-2-693",0.128547110728987,0.0325364011068925
"IAH2-2-710",-0.0154025247266353,-0.0956580917037731
"IAH2-2-739",-0.118533582787197,-0.0777638882242155
"IAH2-2-742",0.144502412249692,0.0184231755680999
"IAH2-2-777",0.184180928042619,0.0143693069818856
"IAH2-2-788",0.168224308012833,0.0169591796198336
"IAH2-2-804",0.0103242476037164,0.055366695179489
"IAH2-2-843",0.04237351181059,0.037430612918663
"IAH2-2-871",0.197549574717164,0.0336921998233785
"IAH2-2-907",-0.0758452811387125,0.0126682486795872
"IAH2-2-921",0.101250347142529,0.00695140098913869
"IAH4-1-125",-0.0850570202112325,0.0925114106795063
"IAH4-1-176",-0.0794731016839815,-0.0751089043358871
"IAH4-1-249",0.0138291619206507,-0.142425906531148
"IAH4-1-337",-0.0462501556161084,0.104461342187451
"IAH4-1-353",-0.143371797895643,0.0172644961911918
"IAH4-1-356",-0.0138211697161201,0.0334195394067002
"IAH4-1-366",-0.167421180929555,0.0695188694168492
"IAH4-1-369",0.0955148706636578,0.0197286048559735
"IAH4-1-459",-0.127241811819932,0.00748952852272689
"IAH4-1-462",0.0295723629897943,-0.0208420320715083
"IAH4-1-49",0.036897724739644,-0.0196696355644356
"IAH4-1-513",-0.125989723999268,-0.0197560795439808
"IAH4-1-543",0.0347815601049731,0.0672821047671173
"IAH4-1-57",-0.149607613012231,-0.0756712311131412
"IAH4-1-582",0.0101354874493584,-0.123555038928642
"IAH4-1-588",-0.130221132515362,0.0373688532321164
"IAH4-1-663",0.0245616509108766,-0.0099400476601127
"IAH4-1-716",-0.067129127035841,0.0469208395363982
"IAH4-1-723",-0.13233679428317,-0.0323495853706278
"IAH4-1-752",-0.0389571702244677,0.0396064831055766
"IAH4-1-755",-0.0203044321055263,0.0581755677898587
"IAH4-1-764",-0.0905035330867317,0.0536997752677413
"IAH4-1-787",-0.113791345098372,-0.116126111401168
"IAH4-1-82",-0.0556420401163864,0.0697566678406684
"IAH4-2-1016",-0.04215766749103,0.0464519789421769
"IAH4-2-1032",0.186898633702753,0.00813044754990828
"IAH4-2-1044",0.0562637441355251,0.0435875004977512
"IAH4-2-1061",0.0548781826880041,-0.000975449393731033
"IAH4-2-1067",0.0467765482864172,0.0239070020835226
"IAH4-2-1068",-0.018443824010029,0.0874521311981522
"IAH4-2-1082",-0.0854294737881597,0.104256505660012
"IAH4-2-1088",0.0552481069087878,0.00163952716253821
"IAH4-2-1153",0.0633149305565433,0.0703166518930041
"IAH4-2-1174",0.0806752599334648,0.0216345919606455
"IAH4-2-1187",-0.0105387892256079,0.0996638385198355
"IAH4-2-1218",-0.171512101954726,0.10812774866143
"IAH4-2-1220",0.0422384667319348,-0.0483102964358397
"IAH4-2-1290",-0.0201831633063132,-0.00693601850700495
"IAH4-2-1336",-0.0594573079188753,-0.0722862251660849
"IAH4-2-1378",0.0980707907562751,0.0318156637512036
"IAH4-2-1390",-0.179730257113127,-0.0609638210510477
"IAH4-2-1401",0.0312957240981213,0.0896904794640636
"IAH4-2-1405",-0.028513337798271,0.0382631986660229
"IAH4-2-1409",0.0274833223769568,0.0143584954665508
"IAH4-2-1414",0.101634731592548,0.101620219851907
"IAH4-2-1444",0.142958970309982,-0.0152397943325103
"IAH4-2-1460",0.0545392896940408,-0.017324712955436
"IAH4-2-1494",-0.108059592436678,0.0967261104826497
"IAH4-2-1498",-0.146975829745587,0.0185808250944686
"IAH4-2-1516",0.135548536610682,-0.0175271664909438
"IAH4-2-1526",-0.0372273314153609,0.0636673863346324
"IAH4-2-1534",-0.182939136247532,-0.0693111951638914
"IAH4-2-1536",-0.036377068165243,0.0224811819178184
"IAH4-2-1570",-0.0443433336028536,-0.00459290626736732
"IAH4-2-802",-0.108235486950936,0.06840386106139
"IAH4-2-821",-0.192897278558644,-0.0222059826659836
"IAH4-2-848",-0.0768585986657396,0.0664306933644766
"IAH4-2-854",0.0642428325524561,0.00144571309421651
"IAH4-2-941",0.03985811698545,-0.0102825580543335
"IAH4-2-942",-0.0159870532988899,-0.0629282840904033
"INH1-1-102",-0.0117297914942303,-0.101658833766971
"INH1-1-127",-0.00227591525548302,-0.0777060589700505
"INH1-1-145",-0.0791719666280105,-0.00788607536409888
"INH1-1-17",0.013924794936016,-0.0502904449334373
"INH1-1-172",-0.0685489977142784,-0.0663915514853448
"INH1-1-206",-0.133392785924434,-0.118738537792227
"INH1-1-26",0.0971386808979417,-0.0948214448993347
"INH1-1-55",0.0399372672744796,-0.0445043682323104
"INH1-1-58",0.0649395213722041,-0.00359103896960865
"INH1-1-6",0.0928570333211648,-0.121719197900574
"INH1-1-66",0.0683056617614351,-0.00946151653105589
"INH1-1-97",0.0142259629604563,-0.0500580721635277
"INH1-2-260",-0.181732744700213,-0.106338403493668
"INH1-2-265",-0.102024006854856,0.0176061133716515
"INH1-2-301",0.0131746204762468,-0.0501708900168955
"INH1-2-306",0.0282259553837767,-0.0548306530112771
"INH1-2-319",-0.127793654532488,-0.0904080874253135
"INH1-2-395",0.126496272747307,-0.0161197863472776
"INH1-2-428",0.0223920058557215,-0.123014698627874
"INH1-2-430",0.0688909314848755,-0.251418463035797
"INH1-2-445",0.0135109133806708,-0.111479531748833
"INH1-2-449",-0.0704869878643531,-0.0553933706539698
"MIH1-1-144",-0.121749844062307,0.08844350389962
"MIH1-1-178",-0.1506345859457,-0.0211520539533111
"MIH1-1-212",-0.135981311661917,-0.0593683871664286
"MIH1-1-217",-0.0733022169062906,-0.111905057743228
"MIH1-1-28",-0.0453440131559,-0.0014083289939401
"MIH1-1-6",-0.199044704950645,-0.0383203295111976
"MIH1-1-8",-0.0760990648894405,-0.098165033149689
"MIH1-2-296",-0.128048682794987,-0.0646275685997029
"MIH1-2-367",-0.160066671760611,-0.0668196401412405
"MIH1-2-429",-0.178891340980054,-0.0726917056781555
"MIH1-2-454",-0.129677026248975,-0.0771649716737582
"MIH1-2-471",-0.0541126352521544,-0.0513350384321385
"MIH1-2-474",-0.162707558611634,-0.0747071848469381
"MNH1-1-140",-0.0488887219571505,0.0607755452430446
"MNH1-1-175",0.0467932164412993,0.0515114871339806
"MNH1-1-185",0.0482033487012689,0.0851556796516819
"MNH1-1-189",-0.0543143024069548,0.119840229420356
"MNH1-1-221",0.016385448040784,0.108073001357755
"MNH1-1-24",-0.0363019503851543,0.0963772170257524
"MNH1-1-259",-0.0605403879849999,0.040710969275278
"MNH1-1-274",-0.0822898550818059,0.0723694310036564
"MNH1-1-286",-0.0548868071304731,0.0924936949569579
"MNH1-1-345",-0.0734698755574089,0.100596379336911
"MNH1-1-347",-0.0859689563549058,0.130408706092349
"MNH1-1-353",-0.0365411030602539,0.115533028202286
"MNH1-1-376",0.0219753683504503,-0.0417540684562866
"MNH1-1-460",0.0441615726863846,0.0432108092665092
"MNH1-1-475",-0.0812094028032763,0.0880703733805842
"MNH1-1-476",-0.0657658259446428,0.100469544863752
"MNH1-1-491",0.012564864089985,0.0152876387247037
"MNH1-1-514",-0.0843495819963792,0.0933631595657423
"MNH1-1-54",0.0727406698708113,0.0543441655347891
"MNH1-1-542",-0.032524790060994,0.0372320695740763
"MNH1-1-552",-0.051740404153051,0.0941478810266957
"MNH1-1-573",-0.115496263992423,0.127910682761476
"MNH1-1-615",-0.0314906657204127,-0.0196750393599275
"MNH1-1-632",0.038184140261965,-0.00267992963627014
"MNH1-1-635",0.0904556235967985,0.108197691478549
"MNH1-1-642",-0.028716092710794,0.0742633110520387
"MNH1-1-695",-0.00263956152448531,0.0158033332256198
"MNH1-1-699",-0.00225147072486182,0.0731620230181683
"MNH1-1-701",0.0345521513445496,0.0689545575527986
"MNH1-1-74",0.0252362474507813,0.0324817120938118
"MNH1-1-758",-0.0415685311944928,0.0603864702500187
"MNH1-1-769",-0.0494437894595571,0.123939043352491
"MNH1-1-85",-0.0628349191912624,0.140753030378363
"MNH1-1-86",-0.0821546071970693,0.021298298810059
"MNH1-1-94",0.0764455972446987,0.0238742122649427
"MNH1-2-1017",-0.117012313074498,0.102116923989779
"MNH1-2-1039",-0.0297665867672736,0.108440582323678
"MNH1-2-1136",0.102857366988806,0.052833513774898
"MNH1-2-1139",-0.0130955309391844,-0.0217777032399964
"MNH1-2-1143",0.00199963850607045,-0.0236640523055237
"MNH1-2-1157",0.0376794842004077,0.0612972744072069
"MNH1-2-1187",0.0120553738629936,0.0464012833901265
"MNH1-2-1276",-0.00674721275499036,0.033074212468644
"MNH1-2-1298",-0.0930716395933223,0.116015602689622
"MNH1-2-1305",-0.0331509322130571,0.036193699990438
"MNH1-2-1307",-0.0216174027206271,0.0654634317476998
"MNH1-2-1319",-0.0559109044263882,0.113022412889662
"MNH1-2-1323",-0.122825839899038,0.109432823208142
"MNH1-2-1343",-0.069536433798934,0.102053851581443
"MNH1-2-1413",-0.159641687525981,0.0323067157548307
"MNH1-2-1427",0.0465940789269781,-0.048336845532971
"MNH1-2-1464",-0.0713826448116472,0.0770651438881739
"MNH1-2-1465",-0.0503661455844039,0.055174816151129
"MNH1-2-1479",0.0534482532658311,0.0735517259023419
"MNH1-2-1489",0.0298944955246076,0.117492880997275
"MNH1-2-1518",-0.128506319366101,0.0969540343734477
"MNH1-2-1521",-0.0168700838813337,0.0591157184927811
"MNH1-2-1590",-0.0090379133126545,0.091823077521434
"MNH1-2-847",-0.0395846260155121,0.0411659461033117
"MNH1-2-856",-0.0835402790559678,0.091421212077434
"MNH1-2-892",0.0918102803226242,-0.00282113731501766
"MNH1-2-909",0.0626239202231198,0.0343684148722144
"MNH1-2-919",0.0254794148453765,0.0408833967236524
"MNH1-2-959",0.0673802374422243,-0.025592341023684
"MNH1-2-992",-0.055051491473087,-0.0171061268993075
"MOH1-1-118",-0.168427418343368,-0.11078253847887
"MOH1-1-149",-0.0175604140737823,0.0258389191574261
"MOH1-1-186",-0.139990462281297,-0.0304779974200714
"MOH1-1-20",0.00776264164277151,-0.208740697569166
"MOH1-1-206",-0.0961269954341722,-0.139854404391555
"MOH1-1-259",-0.156391122743911,-0.0521380920769365
"MOH1-1-268",-0.0474616150787282,0.11514087326614
"MOH1-1-277",-0.193291843061073,0.0428712596319965
"MOH1-1-285",-0.140134131705965,-0.0868029657174988
"MOH1-1-303",-0.184199151298887,0.0389098031184365
"MOH1-1-31",0.00849973201265285,-0.0994136376896072
"MOH1-1-344",-0.139595199040626,-0.0704806331671
"MOH1-1-357",-0.0998127455327481,-0.0710072801951819
"MOH1-1-367",-0.207403639470875,0.0493922714999339
"MOH1-1-4",-0.244245993542864,-0.0265036251282118
"MOH1-1-58",-0.123803938534503,-0.0352077703969156
"MOH1-1-91",-0.136822036708782,-0.180868555470562
"MOH1-1-98",-0.230638617047501,0.0575237493123842
"MOH1-2-1005",0.179848873553191,1.42468999146366e-05
"MOH1-2-1021",-0.167297245020694,-0.0545435545914365
"MOH1-2-1037",-0.113473767628929,-0.00519242038496094
"MOH1-2-1115",-0.168148466276517,0.00325894862978919
"MOH1-2-1154",-0.178906002543623,0.0148553249237611
"MOH1-2-1188",-0.124193910342319,-0.00894578748940443
"MOH1-2-1197",-0.126076488570693,-0.0808660419321835
"MOH1-2-803",-0.152631538308252,-0.0254972359312112
"MOH1-2-823",-0.0785501100837352,0.10294125281753
"MOH1-2-886",-0.0258657746198392,-0.00152150465975709
"NCH1-1-109",0.223249758881345,-0.00412355510253348
"NCH1-1-138",0.202367859993916,0.0207819379676192
"NCH1-1-150",-0.0275000311551853,0.0355887217768279
"NCH1-1-155",0.321726485816529,-0.0149488323809878
"NCH1-1-159",0.198426847584474,0.0205865369670211
"NCH1-1-171",0.0675605382523797,-0.159215824838874
"NCH1-1-198",0.126121259519258,0.0367291896902782
"NCH1-1-200",0.25824000919559,-0.0198274156403906
"NCH1-1-204",0.0133963850060745,0.0258860591510415
"NCH1-1-219",0.2496161775567,-0.0226158708164662
"NCH1-1-230",0.239737002071242,-0.00126504847292144
"NCH1-1-240",0.261759690803074,0.0153406823691863
"NCH1-1-249",0.232381946720485,0.00856413662169002
"NCH1-1-250",0.274160996504041,-0.00408670552893842
"NCH1-1-276",0.196872746668226,0.0181178926057042
"NCH1-1-278",0.249204897161039,0.0189979173622489
"NCH1-1-282",0.270802002495576,0.000127908296932657
"NCH1-1-288",0.249017169195757,0.00426387366659439
"NCH1-1-298",-0.0991020759619409,0.0755066984936443
"NCH1-1-332",0.171592951290329,-0.0150227402205145
"NCH1-1-358",0.250491130406813,-0.0365372138504493
"NCH1-1-382",0.242600707051629,0.00371103872532488
"NCH1-1-388",0.181539554410855,0.0217855971654146
"NCH1-1-395",0.222192286537917,0.0328627716107125
"NCH1-1-420",0.243031230970556,-0.00874526168464848
"NCH1-1-428",0.199976535975966,0.0004222641921384
"NCH1-1-43",0.227283777744657,-0.00772421058397517
"NCH1-1-437",0.210094874660358,0.0249376062181242
"NCH1-1-45",-0.180182692723649,-0.0879032243660121
"NCH1-1-453",0.239243121372598,0.01832331568249
"NCH1-1-456",0.240960194340076,-0.0212497925060881
"NCH1-1-457",0.245750682416097,-0.0227969848418304
"NCH1-1-472",0.164066727553426,-0.040610928687692
"NCH1-1-487",0.274173125063147,-0.0292479239868028
"NCH1-1-50",-0.00341842099568591,-0.0422326678055531
"NCH1-1-91",0.148360681554706,-0.0326131159320263
"NCH1-1-96",-0.150962614097265,0.029673133392976
"NCH1-2-848",0.223220498331955,0.0150734259674648
"NCH1-2-859",0.285491439268692,0.0243216174800266
"NCH1-2-862",0.167421339809096,0.0288480826538263
"NCH1-2-874",0.259585913216879,0.036578730993318
"NCH1-2-896",0.24622065838687,-0.0225000160467875
"NCH1-2-898",0.168767069827132,0.0150616339646143
"NCH1-2-906",0.254508109880111,0.0285716886781939
"NCH1-2-953",0.269177231641008,-0.0510390504142412
"NCH1-2-961",0.190107231940919,0.0191388738366157
"NCH1-2-968",0.18313824436632,-0.0183423157727837
"NCH1-2-975",0.29070897866378,-0.012094824706337
"NCH1-2-989",-0.0668369777479876,0.0445534865411522
"NEH1-1-123",0.216874440542091,0.00158555708007448
"NEH1-1-125",0.178096813011739,-0.0138531036081498
"NEH1-1-135",0.13198779249707,0.00127844909199268
"NEH1-1-145",0.0583660474645194,0.000619428211428581
"NEH1-1-149",0.128572866860907,-0.0275203583789538
"NEH1-1-16",0.0992529481041547,-0.00283089581819152
"NEH1-1-184",0.184851360189922,0.0101319004255739
"NEH1-1-198",0.130742464618987,-0.0123186722191182
"NEH1-1-28",0.158676523488322,-0.007185309613876
"NEH1-1-35",0.144006347787801,-0.0946758266651164
"NEH1-1-53",0.185622363123486,-0.0547704207484116
"NEH1-1-55",0.130594246401757,0.0085304933722232
"NEH1-1-72",0.269269912534218,0.0312665154958804
"NEH1-1-76",0.20463572787225,0.00337116402272366
"NEH1-1-79",0.248190046624426,-0.0103783648359086
"NEH1-1-85",0.039100185911017,-0.0812792606041043
"NEH1-1-89",0.179576711980267,0.059856148201955
"NEH1-2-210",0.118304687737863,-0.132424292680193
"NEH1-2-220",0.0327411972969172,-0.0239351840100772
"NEH1-2-231",0.145321136024443,-0.0642334853202123
"NEH1-2-233",0.155266206884714,-0.0380390502015849
"NEH1-2-248",0.136530958441117,-0.0230716032507755
"NEH1-2-254",0.228542113516639,-0.0328960465700752
"NEH1-2-279",0.125689066249247,0.0487050739187522
"NEH1-2-288",0.139113085589565,0.0155531083687123
"NEH1-2-300",0.0521098223165887,-0.027666065440759
"NEH1-2-314",0.23239681695262,-0.00247231397901101
"NEH1-2-346",0.190939941902867,-0.0456045856295442
"NEH1-2-347",0.134795434321331,0.0163930662756223
"NEH1-2-355",0.212114950625954,0.0298039388227795
"NEH1-2-372",-0.0402126570258996,0.048788492411729
"NEH1-2-381",0.134746125991016,0.0290883775245613
"NEH2-1-105",0.0892259873636412,-0.0384148602957829
"NEH2-1-106",0.216451094302108,0.0145255614645094
"NEH2-1-120",0.19221565236133,-0.0268354426566158
"NEH2-1-136",0.174120731636957,-0.00422328899982312
"NEH2-1-167-1",0.101406128591712,-0.00775107911512157
"NEH2-1-174-1",0.13657059035494,0.0344457811728786
"NEH2-1-18",0.191053102431319,0.0132863069297438
"NEH2-1-183-1",-0.079326738049762,-0.0374788137770976
"NEH2-1-198-1",0.0212434009024331,-0.020593350836271
"NEH2-1-2",0.0671832575291901,-0.0668230777387165
"NEH2-1-27",0.170650766998611,-0.00219878328051284
"NEH2-1-34",0.130566592014365,-0.0279996572205561
"NEH2-1-42",0.156128876542949,-0.00361634964735971
"NEH2-1-48",0.159790068095673,0.0111218310258835
"NEH2-1-89",0.129779040085617,-0.030410185053454
"NEH2-1-93",0.0870340377122595,-0.02569600335012
"NEH2-2-251",0.113842196423829,0.0279310641019788
"NEH2-2-258",-0.0775554361080601,0.0651539281484554
"NEH2-2-261",-0.0383723238702989,-0.0170890224219726
"NEH2-2-266",0.0954874325779042,-0.0539117760553942
"NEH2-2-290",-0.08863281673888,0.0152714354137303
"NEH2-2-331",0.133468127278507,0.0327705588509673
"NEH2-2-345",0.145124004390811,0.0468653618675058
"NEH2-2-360",0.0746905185372347,-0.037680001664969
"NEH2-2-369",0.147685139706527,0.0194759702665075
"NEH2-2-392",-0.0899194544100479,0.0558277059544866
"NYH2-1-127",-0.13492467018376,0.0471848046614244
"NYH2-1-178",0.0399029445689731,0.047679539084208
"NYH2-1-215",0.0434215237004934,0.047895875613156
"NYH2-1-293",0.00477387210319336,0.0862051779149817
"NYH2-1-296",-0.180859666190292,-0.0903355915569126
"NYH2-2-411",-0.076634276760773,0.0305451960112677
"NYH2-2-429",-0.0644802829437972,0.0305809527920964
"NYH2-2-479",-0.075576851189939,0.0506522407796911
"NYH2-2-539",0.0587263229427922,-0.0920705053239899
"NYH2-2-622",-0.0416253809030545,-0.00638838900260178
"NYH2-2-657",0.0354615508994745,-0.0694660780057798
"NYH2-2-702",0.251106152546677,-0.0174431800183793
"NYH2-2-705",0.248686418241462,-0.0523976467554856
"NYH2-2-713",0.0166613667199956,0.0254077694265892
"NYH2-2-793",-0.138265105119313,0.0446375294515564
"NYH3-1-107",-0.188375988218771,-0.0090379662288147
"NYH3-1-192",-0.0975672015625619,-0.121115813796697
"NYH3-1-202",-0.0913846728870473,-0.0497092364329704
"NYH3-1-293",-0.00572564179281464,-0.0111370496554644
"NYH3-1-349",-0.181782527157477,0.00626280610280676
"NYH3-1-377",0.00806467358446674,0.0649528083561147
"NYH3-1-379",-0.140686572194976,0.00203771066043442
"NYH3-2-411",0.177102043681146,0.020858376027996
"NYH3-2-616",-0.0619642361450487,-0.0112764529290858
"NYH3-2-705",-0.0653328346757793,-0.0604082407708899
"NYH3-2-743",-0.0817452424524593,0.0555625658727217
"NYH3-2-754",-0.101136070950451,-0.126399085882427
"OHH1-1-1",0.0308215212734224,0.00248368102409754
"OHH1-1-118",-0.000669845590561506,-0.0385289964712514
"OHH1-1-12",0.238058483507665,0.00597691802151639
"OHH1-1-171",-0.0522211811460088,-0.102965341587799
"OHH1-1-181",-0.117232766365449,0.0947966280379911
"OHH1-1-19",-0.0294296172583529,-0.0123137345980839
"OHH1-1-226",0.045221978962757,-0.0952363379013545
"OHH1-1-76",-0.0136051510229539,-0.0533838751948115
"OHH1-1-78",0.0834210991442747,-0.12741055666114
"OHH1-1-9",0.0253156806650195,-0.113173496153783
"OHH1-2-252",0.11525203239632,-0.0023637363108421
"OHH1-2-308",0.0449567435667723,-0.0423483661676682
"OHH1-2-343",0.0341244249691608,0.0031384969173858
"OHH1-2-370",-0.120861095472834,-0.033330779374686
"OHH1-2-389",0.11414630103722,-0.113230998802452
"OHH1-2-408",-0.022708152063266,-0.0429253135422093
"OHH1-2-419",0.0987467191615221,-0.0559725996332675
"OHH1-2-435",-0.18377362447137,-0.100810593823162
"SCH1-1-107",-0.14333533450288,0.02028324040071
"SCH1-1-110",-0.0971227937924296,-0.00399283739677106
"SCH1-1-115",-0.104788307002573,-0.118750373909903
"SCH1-1-13",-0.101788309754107,-0.0977209793914599
"SCH1-1-156",-0.0798293072712868,-0.113474814370791
"SCH1-1-157",0.0307704203660636,0.0283026621700006
"SCH1-1-162",-0.0133161528791097,-0.116724451836992
"SCH1-1-170",-0.145808208344445,0.00811201896136116
"SCH1-1-188",-0.071515834254038,-0.107413061204134
"SCH1-1-207",-0.18118120028293,-0.0794775860587272
"SCH1-1-211",-0.0910534747648155,-0.141891814201466
"SCH1-1-23",-0.143419931054229,-0.140576767849392
"SCH1-1-250",0.00830009906038408,-0.167424078282996
"SCH1-1-52",-0.202738792777864,-0.0147134155429029
"SCH1-1-54",-0.098191444949991,-0.0796435156501829
"SCH1-1-73",0.050785824520542,-0.154916665009446
"SCH1-1-78",-0.150605422533926,0.0475011333230442
"SCH1-1-90",-0.0833086262243127,0.000728713850546453
"SCH1-1-96",-0.108332119709156,-0.0764361852843706
"SCH1-2-272",-0.0950166339022264,0.000330905807496758
"SCH1-2-287",-0.00824694221086062,-0.146729046436793
"SCH1-2-293",-0.070756726036205,-0.0723848953548683
"SCH1-2-298",-0.183590770915174,-0.0394687121717179
"SCH1-2-300",0.0450434348974273,-0.0722920453047353
"SCH1-2-305",-0.120550044510598,-0.108980421410895
"SCH1-2-328",-0.0154063505855287,0.0674525440825606
"SCH1-2-344",-0.154036222940578,-0.125523623470207
"SCH1-2-345",0.0964078818031157,-0.0222591635984689
"SCH1-2-373",-0.241217166427951,-0.0616189591403132
"SCH1-2-396",0.13731349016453,-0.0680111113788123
"SCH1-2-418",-0.138826401924262,-0.147026600962984
"SCH1-2-431",0.0640830967706244,0.0905196752273012
"SCH1-2-459",-0.0872935327598543,-0.153936926174378
"SCH1-2-460",-0.0495807595750514,-0.0267802214096562
"SCH1-2-464",0.084260266789145,-0.0825014570189826
"SCH1-2-471",-0.200166179167841,-0.13580885983852
"SCH1-2-480",0.0687171798727492,0.0254797365765999
"SCH1-2-486",-0.116434373657404,-0.0553495935712482
