"pathway","term","SS","pval","herit","fdr"
"12DICHLORETHDEG-PWY","Environment",0.0374675150352784,0.12379513040551,0.0392056536178983,0.235755162301889
"12DICHLORETHDEG-PWY","Maize Genotype",0.0835015114535292,0.0156835660885862,0.0873751923909438,0.0546346366447047
"12DICHLORETHDEG-PWY","GXE",0.282688414243221,0.0710066702014327,0.295802484903982,0.161099415764526
"1CMET2-PWY","Environment",0.0318147453603801,0.00998977849210922,0.0521292836225064,0.0393273493207146
"1CMET2-PWY","Maize Genotype",0.0245015445493973,0.430534194136894,0.0401464148317719,0.539386235673391
"1CMET2-PWY","GXE",0.25171983149246,5.4442621095874e-06,0.41244945828236,9.85906374754372e-05
"ALLANTOINDEG-PWY","Environment",0.0454896439163853,0.000873125740698311,0.0738416014354323,0.00612417773053182
"ALLANTOINDEG-PWY","Maize Genotype",0.0490206736806682,0.0183334338929457,0.0795733871796797,0.0610705690882072
"ALLANTOINDEG-PWY","GXE",0.191499094469654,0.013613646572408,0.310853165504357,0.0497799302631483
"ANAEROFRUCAT-PWY","Environment",0.125075635647777,0.206882792740154,0.0301616154890984,0.32759183079363
"ANAEROFRUCAT-PWY","Maize Genotype",0.312701702210484,0.0192802131264381,0.0754070803319306,0.0627968485923222
"ANAEROFRUCAT-PWY","GXE",1.59112545327584,8.23489251990603e-05,0.383695144686448,0.000925005016889617
"ANAGLYCOLYSIS-PWY","Environment",8.84799160366097,0.0422453379622774,0.0502445582414805,0.111608372971958
"ANAGLYCOLYSIS-PWY","Maize Genotype",7.74857102718476,0.532140951541786,0.0440013446783274,0.622968217208226
"ANAGLYCOLYSIS-PWY","GXE",54.9730076006376,0.0520795879210876,0.312171914918719,0.130003181878204
"ARG+POLYAMINE-SYN","Environment",0.329804766167628,0.0046549690351941,0.0666448261401235,0.0229522235596699
"ARG+POLYAMINE-SYN","Maize Genotype",0.21872392402538,0.493333607032665,0.0441983239318869,0.594147850791457
"ARG+POLYAMINE-SYN","GXE",1.54906022962534,0.0345700560169387,0.313024129043329,0.0959102389773564
"ARGININE-SYN4-PWY","Environment",0.0411002316143501,0.0261577606661991,0.0684121541327907,0.080163475764721
"ARGININE-SYN4-PWY","Maize Genotype",0.0130225979866567,0.992034876301825,0.0216763737253848,0.999999999999999
"ARGININE-SYN4-PWY","GXE",0.098304726514466,0.999375530189298,0.163630175260165,0.999999999999999
"ARGSYN-PWY","Environment",3.557379833899,2.00467167456006e-05,0.106908531150855,0.000289369998240844
"ARGSYN-PWY","Maize Genotype",1.2943629330847,0.630404231055487,0.0388989780156622,0.699201129322121
"ARGSYN-PWY","GXE",9.30886684281983,0.120270338057716,0.279755698663754,0.231700689952582
"ARGSYNBSUB-PWY","Environment",11.6432829853467,1.4446686463774e-07,0.137590702807465,4.49653116184964e-06
"ARGSYNBSUB-PWY","Maize Genotype",2.96725384627127,0.697430153158561,0.035064555472063,0.756688924341968
"ARGSYNBSUB-PWY","GXE",23.1330618213535,0.105527218994687,0.273367420348222,0.214063360730567
"ARO-PWY","Environment",53.0151998363485,0.0308969259323404,0.0533755348026217,0.0889402838977197
"ARO-PWY","Maize Genotype",52.2020277896567,0.340178918384286,0.0525568357688974,0.463499593311558
"ARO-PWY","GXE",294.052291804425,0.102126319143536,0.29605091338799,0.208866147570763
"AST-PWY","Environment",0.0404245197031892,3.93753025898279e-05,0.104527879128913,0.000516023702361429
"AST-PWY","Maize Genotype",0.0152257554184631,0.643245172823252,0.0393700638551294,0.711857991257732
"AST-PWY","GXE",0.103421785073287,0.221043994382204,0.267423334372581,0.343463055233503
"BRANCHED-CHAIN-AA-SYN-PWY","Environment",0.53157298243861,0.189997694371754,0.0364201098401419,0.309211933977561
"BRANCHED-CHAIN-AA-SYN-PWY","Maize Genotype",0.763303837492441,0.351531448357704,0.0522968821239651,0.473032171146176
"BRANCHED-CHAIN-AA-SYN-PWY","GXE",4.52467871261506,0.0657777444406322,0.310003143780588,0.151304003378452
"CALVIN-PWY","Environment",0.052473332351552,0.352874400764667,0.0250616379490471,0.473032171146176
"CALVIN-PWY","Maize Genotype",0.075876846736269,0.585863312879466,0.0362393234125042,0.67001095774419
"CALVIN-PWY","GXE",0.890884654709653,6.1695799461531e-06,0.425492867903115,0.000107805291690675
"CATECHOL-ORTHO-CLEAVAGE-PWY","Environment",0.0221836130438922,0.00375017548277201,0.0638172861830355,0.0192534782517573
"CATECHOL-ORTHO-CLEAVAGE-PWY","Maize Genotype",0.024858885924244,0.043397134263547,0.0715134470692411,0.114348004567441
"CATECHOL-ORTHO-CLEAVAGE-PWY","GXE",0.11349755196297,0.0066639444787608,0.326507036539254,0.0292391572724482
"CHLOROPHYLL-SYN","Environment",0.0279338136884083,0.0161840948603916,0.0593898751347564,0.0557763269237025
"CHLOROPHYLL-SYN","Maize Genotype",0.0187218190928954,0.656205514720416,0.0398043214086431,0.720596133033665
"CHLOROPHYLL-SYN","GXE",0.14015472451809,0.103706092133428,0.297981925472986,0.210798505642642
"CITRULBIO-PWY","Environment",0.714987090573273,0.548998396338223,0.0270160199439709,0.636556929863644
"CITRULBIO-PWY","Maize Genotype",1.3390298810563,0.555364201739176,0.0505956799068706,0.640362347182058
"CITRULBIO-PWY","GXE",5.9680047331345,0.875079584648844,0.225503001413354,0.907895069073175
"COA-PWY","Environment",76.5392906290664,0.00119354216402993,0.0813510000773957,0.00766947093789555
"COA-PWY","Maize Genotype",44.1409451549197,0.487139771906813,0.0469159042787171,0.59033155496152
"COA-PWY","GXE",247.909697714154,0.310522133404647,0.263494757688184,0.436836221569249
"COA-PWY-1","Environment",305.791132634958,0.00537229445493015,0.0684445730257243,0.0253028877556162
"COA-PWY-1","Maize Genotype",224.523919235088,0.396762290226569,0.050254707040354,0.505986224155778
"COA-PWY-1","GXE",1248.86259222184,0.184599259526753,0.27953023410415,0.304910219715831
"COBALSYN-PWY","Environment",0.0393968323803774,1.14722169774307e-08,0.135830988342339,4.76097004563372e-07
"COBALSYN-PWY","Maize Genotype",0.0129865962254732,0.286330340498189,0.044774721568415,0.412117079676585
"COBALSYN-PWY","GXE",0.09723307866934,0.000534881222002593,0.335236727859449,0.00397568430682524
"COLANSYN-PWY","Environment",31.016958016091,3.69211824644348e-09,0.134217821008065,1.75111893974177e-07
"COLANSYN-PWY","Maize Genotype",14.2980530873626,0.0366976204901149,0.0618711070585286,0.100139260296314
"COLANSYN-PWY","GXE",80.6562236774044,4.87983211195517e-05,0.349018836312197,0.000607539097938419
"COMPLETE-ARO-PWY","Environment",56.0861976898541,0.0303300920849429,0.053884805466508,0.0875616571495744
"COMPLETE-ARO-PWY","Maize Genotype",54.5301451481293,0.350719555153428,0.0523898282357432,0.472981906595597
"COMPLETE-ARO-PWY","GXE",303.744858466638,0.125591603182472,0.291822824225569,0.236274195576448
"DAPLYSINESYN-PWY","Environment",0.338364959005421,0.312930119239619,0.0288096346541618,0.439602819129281
"DAPLYSINESYN-PWY","Maize Genotype",0.544360595137309,0.410860145620831,0.0463488592675955,0.519310539388766
"DAPLYSINESYN-PWY","GXE",4.26186073650168,0.00219074981714508,0.362870467221056,0.0126126405657601
"DENITRIFICATION-PWY","Environment",0.0356542273941437,0.0157461919408728,0.0536871223322513,0.0546453211606596
"DENITRIFICATION-PWY","Maize Genotype",0.0669399015491315,0.00197981282933941,0.100796201349391,0.01180774597618
"DENITRIFICATION-PWY","GXE",0.201031106579139,0.0243004602735632,0.302706927069042,0.0751653988585991
"DENOVOPURINE2-PWY","Environment",0.0366019534095418,0.0641738583067161,0.0473765749010783,0.148644564822068
"DENOVOPURINE2-PWY","Maize Genotype",0.0418556713681618,0.319790643371916,0.0541768448099191,0.444848436869313
"DENOVOPURINE2-PWY","GXE",0.226800495049867,0.124374371276196,0.29356440409354,0.235955950078269
"DHGLUCONATE-PYR-CAT-PWY","Environment",0.00764847550105667,0.390554461592324,0.0308760045021453,0.502573958328107
"DHGLUCONATE-PYR-CAT-PWY","Maize Genotype",0.0161099241813557,0.226246985836887,0.0650338870123907,0.347749996749289
"DHGLUCONATE-PYR-CAT-PWY","GXE",0.0601759201458438,0.671213836701863,0.242923178754658,0.732457701955376
"DTDPRHAMSYN-PWY","Environment",0.0923151143427538,0.0461558951986563,0.0428444533203507,0.119520028411779
"DTDPRHAMSYN-PWY","Maize Genotype",0.0894631667785138,0.434877214940393,0.0415208332917334,0.542779080301543
"DTDPRHAMSYN-PWY","GXE",0.864979848533783,3.12669195275086e-05,0.401446599588799,0.000426600710265734
"FAO-PWY","Environment",0.0166919657204941,0.000287572705773472,0.0813619375564359,0.00267684499953624
"FAO-PWY","Maize Genotype",0.0097306631031824,0.32986202878722,0.0474303396640575,0.455437624899099
"FAO-PWY","GXE",0.0690654178909444,0.00347996982517254,0.336646762391375,0.0184364358822971
"FERMENTATION-PWY","Environment",0.0164414726935295,0.137106180216283,0.0351626391771435,0.247836216870087
"FERMENTATION-PWY","Maize Genotype",0.037057327535423,0.0176959816846828,0.0792528419616636,0.0597464330777767
"FERMENTATION-PWY","GXE",0.165635835416845,0.0011742559600741,0.354237921634558,0.0076441760538157
"FOLSYN-PWY","Environment",0.0231614329812338,0.394620861780185,0.0233125538434491,0.504531692355373
"FOLSYN-PWY","Maize Genotype",0.0339951364380461,0.622737791675047,0.0342169437128293,0.697179517007369
"FOLSYN-PWY","GXE",0.438015625337243,1.1176884684292e-06,0.440873535684083,2.86601811322657e-05
"GALACTARDEG-PWY","Environment",0.0109693397842494,0.0280860006616734,0.0637958963117557,0.083076089622418
"GALACTARDEG-PWY","Maize Genotype",0.0108519821673514,0.318534821448294,0.0631133634969941,0.444396579339614
"GALACTARDEG-PWY","GXE",0.0291038457241563,0.996994313862247,0.169263233759758,0.999999999999999
"GALLATE-DEGRADATION-I-PWY","Environment",0.0292082973412786,0.0147599196384315,0.0636339887339356,0.0526913260210674
"GALLATE-DEGRADATION-I-PWY","Maize Genotype",0.0230270077656015,0.464336017962024,0.0501672636241517,0.56885445742949
"GALLATE-DEGRADATION-I-PWY","GXE",0.114146636797938,0.541852400109741,0.248682958652004,0.630473119753858
"GALLATE-DEGRADATION-II-PWY","Environment",0.0109005101060467,0.447694818260377,0.0296006101874006,0.553230817602153
"GALLATE-DEGRADATION-II-PWY","Maize Genotype",0.0174039667817779,0.599193343204511,0.0472609108573829,0.68127462309554
"GALLATE-DEGRADATION-II-PWY","GXE",0.0904181067410412,0.69889275200099,0.245532649893116,0.757044134756018
"GLCMANNANAUT-PWY","Environment",0.0190177162884895,0.333811726366369,0.0332940601471501,0.45858824753228
"GLCMANNANAUT-PWY","Maize Genotype",0.0370304224348792,0.236372050142639,0.0648286625543706,0.358881954179983
"GLCMANNANAUT-PWY","GXE",0.134569593447349,0.744874433782079,0.235589177493689,0.796879630555264
"GLUCARDEG-PWY","Environment",0.0078652093940724,0.0334135923840291,0.0562917998434593,0.0937463042661775
"GLUCARDEG-PWY","Maize Genotype",0.0114718912889618,0.0546238534260376,0.0821050497080022,0.135000888368073
"GLUCARDEG-PWY","GXE",0.0311187438603769,0.769636455102142,0.222718813066618,0.818972125300997
"GLUCARGALACTSUPER-PWY","Environment",0.0109693397842494,0.0280860006616734,0.0637958963117557,0.083076089622418
"GLUCARGALACTSUPER-PWY","Maize Genotype",0.0108519821673514,0.318534821448294,0.0631133634969941,0.444396579339614
"GLUCARGALACTSUPER-PWY","GXE",0.0291038457241563,0.996994313862247,0.169263233759758,0.999999999999999
"GLUCONEO-PWY","Environment",2.69503540186863,0.122739954562135,0.0401331540782927,0.234642984153334
"GLUCONEO-PWY","Maize Genotype",4.13317021958185,0.175532792842655,0.0615491570683177,0.294824050035892
"GLUCONEO-PWY","GXE",20.7006782848967,0.0563816917529633,0.308264414841043,0.137301136884967
"GLUCOSE1PMETAB-PWY","Environment",0.028360363309599,0.234707834537731,0.0284913042147972,0.356899241526077
"GLUCOSE1PMETAB-PWY","Maize Genotype",0.0796789107414027,0.00974119533575348,0.0800467913846718,0.0385289676599068
"GLUCOSE1PMETAB-PWY","GXE",0.387712452620887,3.66202992319741e-05,0.389502536159259,0.000486317573800616
"GLUDEG-I-PWY","Environment",0.00666525624713595,0.133527645600971,0.0433615452006515,0.244923637234931
"GLUDEG-I-PWY","Maize Genotype",0.00663641347207813,0.651623601206422,0.0431739054088702,0.718903619408589
"GLUDEG-I-PWY","GXE",0.040360873387966,0.465772186293163,0.262572025869536,0.569912896250602
"GLUTORN-PWY","Environment",0.0744418870253973,0.118647621532195,0.0355895741924854,0.229908620712192
"GLUTORN-PWY","Maize Genotype",0.0746837275728075,0.613805611943764,0.0357051946106228,0.691572838796368
"GLUTORN-PWY","GXE",0.856985715714316,2.34184814491588e-05,0.409712299486837,0.000332789457554726
"GLYCOCAT-PWY","Environment",0.0172901271440542,0.0930026423206955,0.0412139916146651,0.195423273737158
"GLYCOCAT-PWY","Maize Genotype",0.0367186193231233,0.0134025587956664,0.0875251440476356,0.0492581127693125
"GLYCOCAT-PWY","GXE",0.127076496185946,0.0442263837828118,0.302908683353992,0.115919679599159
"GLYCOGENSYNTH-PWY","Environment",0.1530481467577,0.554867372134817,0.0306309976483584,0.640362347182058
"GLYCOGENSYNTH-PWY","Maize Genotype",0.0515319562458293,0.999969438207999,0.0103135860447908,0.999999999999999
"GLYCOGENSYNTH-PWY","GXE",0.815910153448239,0.999819253657273,0.163295946543615,0.999999999999999
"GLYCOLYSIS","Environment",26.5768571593988,0.00634660145973642,0.0658562824290557,0.0284739416842229
"GLYCOLYSIS","Maize Genotype",19.9656703765049,0.393617436019346,0.0494740525305319,0.504531692355373
"GLYCOLYSIS","GXE",118.605802586788,0.0971018729986007,0.293899959127334,0.200741983239247
"GLYCOLYSIS-E-D","Environment",5.9270316471411,5.52182999252322e-13,0.195428887116805,9.16623778758855e-11
"GLYCOLYSIS-E-D","Maize Genotype",1.79435380304481,0.0676818889302707,0.0591642811612116,0.15496818706793
"GLYCOLYSIS-E-D","GXE",8.1767879352971,0.0193660301354408,0.269608914127533,0.0628292052602573
"GLYOXYLATE-BYPASS","Environment",0.0317400801499894,0.695656509995712,0.0184120925992081,0.755587659711809
"GLYOXYLATE-BYPASS","Maize Genotype",0.0955467321542701,0.245130174751924,0.0554256722624169,0.367695262127885
"GLYOXYLATE-BYPASS","GXE",0.605481244748147,0.00592937061214761,0.351233415060875,0.0272149913811015
"HEME-BIOSYNTHESIS-II","Environment",0.00868233037244458,0.278760267590428,0.0288537020688796,0.40428908226355
"HEME-BIOSYNTHESIS-II","Maize Genotype",0.0160668710665524,0.219900124076695,0.0533945025179775,0.34231896742527
"HEME-BIOSYNTHESIS-II","GXE",0.113945471238735,0.000391487847843026,0.378671225141926,0.00325743909843161
"HEME-BIOSYNTHESIS-II-1","Environment",0.0286911751455297,1.83527930125289e-08,0.140221254327715,7.3117527361915e-07
"HEME-BIOSYNTHESIS-II-1","Maize Genotype",0.011195140989999,0.154839609841029,0.0547135732165317,0.271469676642721
"HEME-BIOSYNTHESIS-II-1","GXE",0.0602287127845094,0.0150705448962067,0.294353424366566,0.0532707379283209
"HEMESYN2-PWY","Environment",0.0167020288434945,0.227685178164457,0.0387619654875841,0.348347830187096
"HEMESYN2-PWY","Maize Genotype",0.0218699770769805,0.518167355339931,0.0507557078613455,0.611486594690251
"HEMESYN2-PWY","GXE",0.100924179226431,0.780475331710259,0.234224212441197,0.828971044279023
"HISDEG-PWY","Environment",0.0358439725944237,0.457095781865687,0.0360807433119622,0.56205851696077
"HISDEG-PWY","Maize Genotype",0.0250296547454672,0.990015822357941,0.0251949904737606,0.999999999999999
"HISDEG-PWY","GXE",0.103002875043294,0.999999999031968,0.103683270179974,0.999999999999999
"HISTSYN-PWY","Environment",0.655674299408963,0.0319152988032986,0.0470598558684394,0.0916070248071626
"HISTSYN-PWY","Maize Genotype",1.10274152715464,0.0175347462362666,0.0791473104479146,0.0596061680932474
"HISTSYN-PWY","GXE",4.7890458394243,0.00202090949106418,0.343725241562482,0.0119811062684519
"HOMOSER-METSYN-PWY","Environment",0.0441665049228522,0.00208970811230169,0.077944993154778,0.0121716332155116
"HOMOSER-METSYN-PWY","Maize Genotype",0.0419154097686192,0.0844672824718163,0.0739722632162437,0.180535221763796
"HOMOSER-METSYN-PWY","GXE",0.13106564701831,0.62849587936064,0.231304491435611,0.698908853559497
"HSERMETANA-PWY","Environment",0.00868739537922319,0.0167724235409394,0.0531327117974347,0.05760459947164
"HSERMETANA-PWY","Maize Genotype",0.00976875390798869,0.134522214048632,0.0597463754504102,0.244949523132685
"HSERMETANA-PWY","GXE",0.0564147620748236,0.00286565613157099,0.345036591935394,0.0155817375809352
"ILEUSYN-PWY","Environment",0.0108512782931969,0.540347954239949,0.0194979428202388,0.629457967746186
"ILEUSYN-PWY","Maize Genotype",0.022087680902061,0.449306333635238,0.0396878900000257,0.554534211029364
"ILEUSYN-PWY","GXE",0.246581372176615,7.58518590407705e-07,0.443065726021409,2.06216138724855e-05
"KETOGLUCONMET-PWY","Environment",0.00464149167523453,0.660785865363042,0.0241655036778136,0.724029397031452
"KETOGLUCONMET-PWY","Maize Genotype",0.0129934584592699,0.268354373113879,0.0676492580737291,0.394802002395012
"KETOGLUCONMET-PWY","GXE",0.0364133983083019,0.988021590730664,0.18958304189924,0.999999999999999
"LIPASYN-PWY","Environment",0.0373374408911345,0.00454342872855492,0.0727572609539353,0.0225137065355259
"LIPASYN-PWY","Maize Genotype",0.0278872119315285,0.355750476683887,0.0543421591666099,0.475607348694163
"LIPASYN-PWY","GXE",0.126088159439086,0.532275053056426,0.24570053277779,0.622968217208226
"MET-SAM-PWY","Environment",0.0482869275859092,0.00795809837017189,0.0664277135135852,0.0327531651929389
"MET-SAM-PWY","Maize Genotype",0.0561018164534318,0.0624417910338845,0.0771785569568485,0.147026061157799
"MET-SAM-PWY","GXE",0.177002642559295,0.500388361324584,0.243500289186084,0.599229751929628
"METHGLYUT-PWY","Environment",0.00749395405233391,0.568849326651754,0.026997200746001,0.654242412638738
"METHGLYUT-PWY","Maize Genotype",0.0164194822786571,0.404844143671942,0.0591516916339056,0.51366212369077
"METHGLYUT-PWY","GXE",0.0556420903843958,0.97258539244843,0.200452347791862,0.991817053430974
"METSYN-PWY","Environment",0.0399435300213364,0.00498653144356827,0.0709457140911551,0.0239931657864444
"METSYN-PWY","Maize Genotype",0.0420482829565945,0.0809367758498453,0.0746840717149699,0.176280080054752
"METSYN-PWY","GXE",0.132922688606922,0.5893644897085,0.236090677441303,0.672402098224131
"NADSYN-PWY","Environment",0.0366029873023428,0.103489837983971,0.0408150448746389,0.210798505642642
"NADSYN-PWY","Maize Genotype",0.0452995000891458,0.343449869426786,0.0505123014595821,0.467317035449561
"NADSYN-PWY","GXE",0.297907562498034,0.0151201607032302,0.332189021388243,0.0532707379283209
"NAGLIPASYN-PWY","Environment",0.00361473896271579,0.960574994063111,0.00987389158414888,0.98227175984277
"NAGLIPASYN-PWY","Maize Genotype",0.0115911994041846,0.85734409531743,0.031662105459804,0.89508880391631
"NAGLIPASYN-PWY","GXE",0.124914034191066,0.0274337537601815,0.341210705299336,0.0825056666885932
"NONMEVIPP-PWY","Environment",5.16123929914135,0.00135445370353684,0.0763492107214496,0.00842509707845915
"NONMEVIPP-PWY","Maize Genotype",3.60162200525617,0.289712679906541,0.053278094945929,0.415185365736569
"NONMEVIPP-PWY","GXE",19.7639185699384,0.0814144948044033,0.292363809565822,0.176280080054752
"NONOXIPENT-PWY","Environment",0.00224830763115544,0.744664259789998,0.0188668911023444,0.796879630555264
"NONOXIPENT-PWY","Maize Genotype",0.00525651273564282,0.603059222667919,0.0441105354032414,0.683571579577065
"NONOXIPENT-PWY","GXE",0.0360239948023926,0.148371000615377,0.302298839175703,0.263418033178103
"OANTIGEN-PWY","Environment",659.369016325792,2.80693724210388e-06,0.12379502824384,5.70552957782748e-05
"OANTIGEN-PWY","Maize Genotype",229.012998954323,0.545377314826886,0.0429966679837877,0.633095344484357
"OANTIGEN-PWY","GXE",1311.7649949496,0.377857735348254,0.246280884570453,0.493008552308353
"ORNDEG-PWY","Environment",0.0236818994763262,0.000885400200120176,0.0856413944433207,0.00616684335188598
"ORNDEG-PWY","Maize Genotype",0.0121478917091533,0.585923237143764,0.0439306984880309,0.67001095774419
"ORNDEG-PWY","GXE",0.0686513229620634,0.490468639638655,0.248265348593649,0.592129412218303
"P105-PWY","Environment",0.00542776617934324,0.543623494568978,0.0221793538721702,0.631795799989151
"P105-PWY","Maize Genotype",0.0108044579844504,0.479250672914053,0.0441500037245738,0.583537494159409
"P105-PWY","GXE",0.0893818975523182,0.00240393506036183,0.365239155497079,0.0135272277972903
"P125-PWY","Environment",0.0100970636668701,1.15782555170028e-05,0.104626205233695,0.000180186601483356
"P125-PWY","Maize Genotype",0.0068309679390088,0.0489689491029799,0.0707827817186649,0.124421105373898
"P125-PWY","GXE",0.0272741780002305,0.0576464643879407,0.282616198053252,0.139008980226856
"P185-PWY","Environment",0.016006097429197,0.00340065817440758,0.0643599889894897,0.0182099760306987
"P185-PWY","Maize Genotype",0.0213177373131526,0.00961990204384053,0.0857179174889084,0.0384170572398943
"P185-PWY","GXE",0.0778710997234373,0.0125585354207702,0.313117119458351,0.0466727659667428
"P221-PWY","Environment",0.0393510663319351,2.83593901173718e-12,0.205868146314105,3.13843917298914e-10
"P221-PWY","Maize Genotype",0.00923652852122693,0.30009416095404,0.0483216131680578,0.426382003295612
"P221-PWY","GXE",0.0413431036560482,0.437607919556865,0.216289643608344,0.543463201843687
"P23-PWY","Environment",0.123728286261796,0.00229605731713691,0.0800017557901078,0.0130678462163907
"P23-PWY","Maize Genotype",0.075027455984818,0.505842028369899,0.048512174480055,0.602653899828253
"P23-PWY","GXE",0.358989915584416,0.69514109563071,0.232120111135522,0.755587659711809
"P4-PWY","Environment",0.0646448629107179,0.127179143928253,0.0403051040468348,0.236274195576448
"P4-PWY","Maize Genotype",0.125764422739254,0.047498578223795,0.0784122344090442,0.122244402870542
"P4-PWY","GXE",0.45476381122768,0.153890362380561,0.283538426766899,0.271282833506264
"P42-PWY","Environment",53.8245205928132,1.99765230846993e-10,0.174303437301252,1.32644113282403e-08
"P42-PWY","Maize Genotype",14.7244530632042,0.302773400766531,0.04768315171283,0.428964875054715
"P42-PWY","GXE",78.4797777981219,0.124845074422965,0.254146156402137,0.236274195576448
"P441-PWY","Environment",0.0290208061251454,4.4290111848444e-06,0.119454813379669,8.16906507426857e-05
"P441-PWY","Maize Genotype",0.0161543297581569,0.111553501155308,0.0664941021353037,0.220889238868164
"P441-PWY","GXE",0.0563212781271077,0.495354652068253,0.231828424715903,0.595861393067609
"P461-PWY","Environment",0.0323323932725841,0.0787290919223389,0.0423887677459796,0.173482689280198
"P461-PWY","Maize Genotype",0.0385858201438574,0.318383375445823,0.0505872038168298,0.444396579339614
"P461-PWY","GXE",0.261600245807587,0.00642381858780499,0.342966014558275,0.0286911359347703
"P562-PWY","Environment",0.0150064540546804,0.0597266683161302,0.048293956396333,0.142999427026119
"P562-PWY","Maize Genotype",0.0183331008119613,0.238957602258475,0.0589998122138849,0.361299812394078
"P562-PWY","GXE",0.088453053838415,0.172736061136268,0.284660713958777,0.292218033276792
"PANTO-PWY","Environment",0.195945145857291,0.0840949290539861,0.0397385856776716,0.180535221763796
"PANTO-PWY","Maize Genotype",0.226755406171288,0.366980882413951,0.0459870495724131,0.483482749846952
"PANTO-PWY","GXE",1.86426401595761,0.000359940796735588,0.3780814013014,0.00317257551812961
"PANTOSYN-PWY","Environment",4.05702217086424,0.0224335176789545,0.0553185756339267,0.0711585465230532
"PANTOSYN-PWY","Maize Genotype",4.56919750009794,0.164853342106972,0.0623022223814154,0.285058904059972
"PANTOSYN-PWY","GXE",21.4979610460611,0.0971462208045352,0.293130412902921,0.200741983239247
"PENTOSE-P-PWY","Environment",0.126934508282044,0.509856696333773,0.02285467265569,0.605987195165201
"PENTOSE-P-PWY","Maize Genotype",0.197411743319794,0.699277714834876,0.0355441623639331,0.757044134756018
"PENTOSE-P-PWY","GXE",2.10464508355376,0.000955750229744832,0.37894324476485,0.00638877334782451
"PEPTIDOGLYCANSYN-PWY","Environment",1.13221739855933,0.11653899512891,0.0392341096440653,0.227148413206251
"PEPTIDOGLYCANSYN-PWY","Maize Genotype",1.44688511171409,0.338657216710506,0.050138117633229,0.462500493348667
"PEPTIDOGLYCANSYN-PWY","GXE",9.8385938063305,0.00836068397802488,0.340931404721533,0.0342684824778304
"PHOSLIPSYN-PWY","Environment",59.2346229752546,0.045275523962826,0.0503141822498357,0.118048224782656
"PHOSLIPSYN-PWY","Maize Genotype",53.8979004024165,0.502792010273995,0.0457811436541691,0.600456645363188
"PHOSLIPSYN-PWY","GXE",355.722064945869,0.0880894088516696,0.30215208449037,0.186278240374231
"POLYAMINSYN3-PWY","Environment",0.0565785458359496,0.304062941293387,0.0323394049868329,0.429579166131482
"POLYAMINSYN3-PWY","Maize Genotype",0.0758419709995587,0.603272508482169,0.0433500751727688,0.683571579577065
"POLYAMINSYN3-PWY","GXE",0.525565390870073,0.134131995139818,0.300404893255687,0.244949523132685
"POLYAMSYN-PWY","Environment",0.0216813667132475,0.0620983495104282,0.0437345446766846,0.146912009768139
"POLYAMSYN-PWY","Maize Genotype",0.0207305138049378,0.51339060799164,0.0418165327935124,0.60873457804723
"POLYAMSYN-PWY","GXE",0.178293011224297,0.00203414933449622,0.359643548677459,0.0119882410482736
"POLYISOPRENSYN-PWY","Environment",7.37079998228695,0.000229351161159605,0.0872309026257602,0.00223954663249967
"POLYISOPRENSYN-PWY","Maize Genotype",4.74548427494771,0.212525617024044,0.0561611870753278,0.334400496928828
"POLYISOPRENSYN-PWY","GXE",24.8609519521198,0.0554544198395181,0.294220882961227,0.136040892020098
"PPGPPMET-PWY","Environment",0.0402785638946272,1.06392297783573e-08,0.141560511628205,4.60724906923647e-07
"PPGPPMET-PWY","Maize Genotype",0.0133908539774362,0.274212062373375,0.0470626545957193,0.401050241004231
"PPGPPMET-PWY","GXE",0.0877843675412247,0.00551085982443782,0.308521426300201,0.0256100531849029
"PROTOCATECHUATE-ORTHO-CLEAVAGE-PWY","Environment",0.0050262003007718,0.000442589314757762,0.076034919087035,0.00349856315475183
"PROTOCATECHUATE-ORTHO-CLEAVAGE-PWY","Maize Genotype",0.00784535182009951,0.00012235963924525,0.118682236113628,0.00129649149668372
"PROTOCATECHUATE-ORTHO-CLEAVAGE-PWY","GXE",0.0189582753287153,0.0271976128391704,0.286795361185118,0.0825056666885932
"PWY-1042","Environment",0.00567912056086486,0.859339125151765,0.0131901312166356,0.895294737082801
"PWY-1042","Maize Genotype",0.0100662303087204,0.940281313036044,0.0233794822993997,0.966481101944169
"PWY-1042","GXE",0.175811616707412,0.000136632755045983,0.408334049070874,0.00140295076315257
"PWY-1269","Environment",0.00552097826269415,0.625244579843072,0.0212803094174971,0.698908853559497
"PWY-1269","Maize Genotype",0.0102071901377823,0.669186832709503,0.0393430573496291,0.731624682084155
"PWY-1269","GXE",0.087101135456556,0.0252313711221805,0.335726573251593,0.0775631038200364
"PWY-1361","Environment",0.0263027061431875,0.399881618376643,0.0306047781089203,0.50801287232543
"PWY-1361","Maize Genotype",0.0479192252111437,0.388173185769397,0.05575689614425,0.500376671790862
"PWY-1361","GXE",0.215772259019101,0.606205074261119,0.251063980770299,0.685335135033002
"PWY-1622","Environment",0.0152236254995207,0.290949035132992,0.026778030621969,0.416358102000661
"PWY-1622","Maize Genotype",0.0438627891221504,0.0151855951695378,0.0771537049643589,0.0532707379283209
"PWY-1622","GXE",0.220532907792309,5.54338866161934e-05,0.387912653145614,0.000673318915484495
"PWY-181","Environment",0.0313515114105815,0.215428104881133,0.0420237667255959,0.337819668281221
"PWY-181","Maize Genotype",0.0374361051614042,0.600756742871773,0.0501795951657612,0.682273336260303
"PWY-181","GXE",0.13972950561354,0.990267430048267,0.187294324400717,0.999999999999999
"PWY-1861","Environment",0.0272014808206443,0.000480906648165667,0.0908554409366585,0.0037130466788605
"PWY-1861","Maize Genotype",0.0160954492621046,0.362185677919178,0.0537602768549384,0.480794682295818
"PWY-1861","GXE",0.0692400161233234,0.65373458800643,0.231268004739342,0.719469226137463
"PWY-241","Environment",0.653763590440339,3.13588511927389e-06,0.12105169119924,6.24668315759359e-05
"PWY-241","Maize Genotype",0.178180040832116,0.785553538526669,0.0329920411538208,0.831769486297955
"PWY-241","GXE",1.44851335434916,0.185540628684745,0.268208560147174,0.305315121539917
"PWY-2942","Environment",0.681778753209381,0.561600183105093,0.0223558593369883,0.646651771529101
"PWY-2942","Maize Genotype",1.37223328935194,0.49141991175106,0.0449962018468231,0.592559603031545
"PWY-2942","GXE",10.5853969460469,0.00974829302238605,0.347100351892798,0.0385289676599068
"PWY-3001","Environment",5.90236476047281,0.00768989960831475,0.0655733507289729,0.0320810071130374
"PWY-3001","Maize Genotype",4.35305698112873,0.441523376046183,0.0483610457419261,0.546961794206466
"PWY-3001","GXE",25.5332871039446,0.164200376014495,0.283666506303212,0.284423607844238
"PWY-3661","Environment",0.0157560974477295,0.0301238649026073,0.0578989058852978,0.0872190972180142
"PWY-3661","Maize Genotype",0.0214177199558749,0.0768618334231369,0.0787036609869128,0.170762824836705
"PWY-3661","GXE",0.0591541765775155,0.825011560668305,0.217373757286415,0.868616822860076
"PWY-3841","Environment",1.01911003796085,0.156917233247265,0.0365531517422735,0.274192218095221
"PWY-3841","Maize Genotype",1.31802434860101,0.408690611458561,0.0472745260274583,0.517224712849717
"PWY-3841","GXE",9.5928964454901,0.00770607297531366,0.344075307237222,0.0320810071130374
"PWY-4984","Environment",1.9257783709912,6.06018956368797e-05,0.1100536095336,0.000727222747642556
"PWY-4984","Maize Genotype",0.958628117920684,0.368285645906167,0.0547832949869884,0.48456077057139
"PWY-4984","GXE",3.42371422635965,0.92763060348936,0.195657046676914,0.95544992872327
"PWY-5022","Environment",2.64183452412242,0.00144215054266186,0.0820004545857853,0.00886655518821736
"PWY-5022","Maize Genotype",1.4107588427793,0.59380782592469,0.0437888389157332,0.676326132774914
"PWY-5022","GXE",8.03890519754123,0.488214679505303,0.249521260529892,0.590840608490014
"PWY-5028","Environment",0.0180416797779504,0.00089815404634114,0.0797967847544828,0.00617625815315461
"PWY-5028","Maize Genotype",0.013626191056169,0.17933640180318,0.0602674611297253,0.2986940739063
"PWY-5028","GXE",0.0631815186089988,0.134375913331894,0.279446376554433,0.244949523132685
"PWY-5030","Environment",0.0840818232457805,0.0106606048890143,0.0653886833636806,0.0408383171902242
"PWY-5030","Maize Genotype",0.0811588356339663,0.204913346848259,0.063115536754262,0.325964543218816
"PWY-5030","GXE",0.314897546454956,0.537600275190868,0.244889265744797,0.626990484883026
"PWY-5097","Environment",1.01615315447391,0.218829130438198,0.0329082860028318,0.342156693746382
"PWY-5097","Maize Genotype",1.61794922563342,0.287038520199457,0.0523975501338385,0.412540210849437
"PWY-5097","GXE",10.7369383610923,0.00555036176732238,0.347717503828969,0.0256100531849029
"PWY-5100","Environment",0.0602315355109472,0.0100780613323515,0.0675633199004788,0.039500593683819
"PWY-5100","Maize Genotype",0.0464531864869237,0.430208432605992,0.0521077782989974,0.539386235673391
"PWY-5100","GXE",0.21188236693169,0.657772009242152,0.237674102392334,0.7215208383317
"PWY-5103","Environment",0.49656314715833,0.193759576781809,0.0359126016354628,0.313795997519808
"PWY-5103","Maize Genotype",0.718869231621172,0.348891757151984,0.0519902946703589,0.472783932140648
"PWY-5103","GXE",4.36629936957867,0.0478827547465651,0.315780924899876,0.122829124145273
"PWY-5121","Environment",47.8510896863195,0.0284486484425586,0.0552147337492543,0.083810805861247
"PWY-5121","Maize Genotype",44.6022680606559,0.386017293276607,0.0514659618354745,0.499315875459092
"PWY-5121","GXE",245.180057730411,0.188081671397025,0.282909996343966,0.307097286412192
"PWY-5130","Environment",0.0444741774361327,0.323079460400851,0.0442826904291439,0.448171507742685
"PWY-5130","Maize Genotype",0.0115612769761018,0.999965661585649,0.0115114990048667,0.999999999999999
"PWY-5130","GXE",0.0698437985519981,0.999999999999999,0.0695430806812592,0.999999999999999
"PWY-5136","Environment",0.0190808806154085,0.00105031443866832,0.0691834930921404,0.00692790186035525
"PWY-5136","Maize Genotype",0.0166029713449421,0.0936477012532332,0.0601990849638373,0.195766576374245
"PWY-5136","GXE",0.099217146471262,0.000370877638472681,0.359741717684318,0.00318097684614232
"PWY-5138","Environment",0.0178856059771346,0.0124354828790255,0.067931743294726,0.046388542874567
"PWY-5138","Maize Genotype",0.0137909672807275,0.462579347887838,0.0523797991691213,0.567400283862422
"PWY-5138","GXE",0.0566278979951275,0.874968527685736,0.21507975937985,0.907895069073175
"PWY-5154","Environment",0.0238215648187472,0.378833178017429,0.0238711069220504,0.493008552308353
"PWY-5154","Maize Genotype",0.0333327964270562,0.652791015738729,0.0334021191964267,0.719225499641343
"PWY-5154","GXE",0.437662437842309,1.52591894492715e-06,0.438572651670514,3.61860778368439e-05
"PWY-5180","Environment",0.0345575526585179,0.261799176795837,0.0336401503952688,0.387447221528459
"PWY-5180","Maize Genotype",0.0667343385240916,0.165292737531813,0.0649627364143182,0.28532333896306
"PWY-5180","GXE",0.2944542357032,0.178842709642767,0.286637334288718,0.298370751765822
"PWY-5188","Environment",5.78999036187251,0.00494755659868743,0.0656740919230143,0.0239211959820033
"PWY-5188","Maize Genotype",5.18528400032739,0.187018407012498,0.0588150923923653,0.306151889562045
"PWY-5188","GXE",26.7750357087783,0.0461664073403625,0.303701050689074,0.119520028411779
"PWY-5189","Environment",1.64586910659923,0.0396774274117499,0.0481774388569758,0.106519454722649
"PWY-5189","Maize Genotype",1.85332829118763,0.245525265694483,0.0542501284413119,0.36773408215294
"PWY-5189","GXE",11.4310022392673,0.00934088545180028,0.33460523029937,0.0375142012499721
"PWY-5209","Environment",0.0425750326259896,1.64490632128243e-05,0.11401895419388,0.000248231317575348
"PWY-5209","Maize Genotype",0.0277981331514789,0.0719243618699247,0.0744453703257775,0.162810600960102
"PWY-5209","GXE",0.0773001567464622,0.798699562693416,0.207015297173827,0.844484887943357
"PWY-5345","Environment",0.0156779987553657,0.298574743010703,0.0260970024237845,0.424829205769515
"PWY-5345","Maize Genotype",0.024693671835274,0.414590491615555,0.0411041500763439,0.521378951577137
"PWY-5345","GXE",0.259993516259509,1.77603397145139e-06,0.432775351616259,4.11379031526879e-05
"PWY-5347","Environment",0.0356679780995126,0.00656160056064819,0.0688711368632392,0.0290460184818027
"PWY-5347","Maize Genotype",0.0385459915784552,0.0842730250135076,0.0744282800141487,0.180535221763796
"PWY-5347","GXE",0.122409833564791,0.59416201423499,0.236360591489829,0.676326132774914
"PWY-5367","Environment",0.0219545852295245,0.000490220240211732,0.0881093387258269,0.00375584122500681
"PWY-5367","Maize Genotype",0.0106799439807543,0.584612009297755,0.0428613336091484,0.67001095774419
"PWY-5367","GXE",0.0654690402541373,0.30978581159615,0.262743922670386,0.436416786916217
"PWY-5384","Environment",0.0146167281031237,0.323933416257969,0.0250151326717233,0.448731130170983
"PWY-5384","Maize Genotype",0.0421614793083988,0.0212941090486868,0.0721553408597865,0.0679773481169616
"PWY-5384","GXE",0.23852822343563,7.00794140946186e-06,0.408218249193373,0.000120343269721104
"PWY-5415","Environment",0.0353873901293773,0.115468586792934,0.0432597207438217,0.225946389873795
"PWY-5415","Maize Genotype",0.0563485259816855,0.136483997438472,0.0688839015644184,0.247836216870087
"PWY-5415","GXE",0.213570425850881,0.393913137719265,0.261081615447485,0.504531692355373
"PWY-5417","Environment",0.0260798133905706,0.00287855393061454,0.0655620008854221,0.0155817375809352
"PWY-5417","Maize Genotype",0.0268385054092801,0.063252747099566,0.0674692755295105,0.148166726776548
"PWY-5417","GXE",0.131312457596429,0.00530773883574113,0.330106175695135,0.0252942960784601
"PWY-5419","Environment",0.0437592472551482,0.149089139398925,0.0395194994159598,0.263998254735426
"PWY-5419","Maize Genotype",0.0652331029556223,0.243725703954378,0.0589127952572964,0.366139971551373
"PWY-5419","GXE",0.322622642449937,0.144947967451391,0.291364365925552,0.259188825101589
"PWY-5420","Environment",0.0210933791203654,0.436526003326698,0.0269490467358716,0.543221122883876
"PWY-5420","Maize Genotype",0.0615608640506418,0.0528100116590547,0.078650584760961,0.131169006514759
"PWY-5420","GXE",0.223437754222422,0.17071761047643,0.285465616805068,0.292218033276792
"PWY-5431","Environment",0.0260798133905706,0.00287855393061454,0.0655620008854221,0.0155817375809352
"PWY-5431","Maize Genotype",0.0268385054092801,0.063252747099566,0.0674692755295105,0.148166726776548
"PWY-5431","GXE",0.131312457596429,0.00530773883574113,0.330106175695135,0.0252942960784601
"PWY-5484","Environment",25.4452571059904,0.00721582702991374,0.0640287083404993,0.0309782919042849
"PWY-5484","Maize Genotype",19.0306810183533,0.416534822157416,0.0478875068689461,0.523163534512972
"PWY-5484","GXE",121.02637108277,0.0570870920820805,0.304542500132309,0.138342442125918
"PWY-5497","Environment",0.0829153379789456,0.00189124115784826,0.0749960196741373,0.0114162193528295
"PWY-5497","Maize Genotype",0.0702800195754318,0.147304109401988,0.0635675118651294,0.262459558075813
"PWY-5497","GXE",0.30307275627597,0.177254489817728,0.274126005470052,0.297214599088312
"PWY-5505","Environment",0.182963688249015,0.187195281870768,0.0333852817231596,0.306151889562045
"PWY-5505","Maize Genotype",0.270104784189968,0.316938906952778,0.0492858686947892,0.444396579339614
"PWY-5505","GXE",2.01966485995253,0.00101475711254763,0.368527115851053,0.00673798722731627
"PWY-561","Environment",0.0129236522465439,0.0237802058023525,0.0563759943980195,0.0740158905598222
"PWY-561","Maize Genotype",0.0137228788775346,0.222199426533059,0.0598624079297306,0.344720605649419
"PWY-561","GXE",0.0636947446941568,0.205200570881724,0.277851376805759,0.325964543218816
"PWY-5647","Environment",0.0625002142909696,0.000296954601454734,0.0789391047291505,0.00270625244556177
"PWY-5647","Maize Genotype",0.0716086271242133,0.00409837586466229,0.0904432245584429,0.0206160725313315
"PWY-5647","GXE",0.245890300895216,0.00865355873565639,0.310564698608631,0.0351793653090358
"PWY-5651","Environment",0.0327571252805057,0.108761629022867,0.0405642852082576,0.21665316501355
"PWY-5651","Maize Genotype",0.0398937773857101,0.373750293668753,0.0494018492175726,0.489809595386945
"PWY-5651","GXE",0.26689465201991,0.0176339318347665,0.330504911294436,0.0597394425422703
"PWY-5654","Environment",0.042408896547644,0.0120187476251233,0.0548970781702375,0.0450025287015895
"PWY-5654","Maize Genotype",0.0713966635319021,0.00436466252918337,0.0924208960400955,0.0218452456234504
"PWY-5654","GXE",0.245723225879755,0.0091832088001842,0.318081540372293,0.0371807966056239
"PWY-5659","Environment",5.11978748574645,3.25983984889017e-08,0.136759212846962,1.24876941903639e-06
"PWY-5659","Maize Genotype",1.79565746114262,0.272694809535247,0.0479654090354954,0.399417691613391
"PWY-5659","GXE",11.3637688837708,0.0096428356525839,0.303547772606955,0.0384170572398943
"PWY-5667","Environment",16.1112932336414,0.276406445345503,0.032694610089459,0.402387323492491
"PWY-5667","Maize Genotype",31.3048328478993,0.175501201770513,0.0635268248821036,0.294824050035892
"PWY-5667","GXE",145.266965421719,0.127517924618169,0.294789916890402,0.236274195576448
"PWY-5686","Environment",6.27287402933738,0.000302418716645076,0.085915179249739,0.00271359497097743
"PWY-5686","Maize Genotype",3.58711748573108,0.355443071086041,0.0491302456155036,0.475607348694163
"PWY-5686","GXE",21.7626072989329,0.0522178943062614,0.298067249283978,0.130022556822591
"PWY-5692","Environment",0.0278700798533768,0.106865459369829,0.0377230124324564,0.214592736960382
"PWY-5692","Maize Genotype",0.0369283832812553,0.279267960439079,0.0499837054274004,0.40428908226355
"PWY-5692","GXE",0.277456069045272,0.000426882271767522,0.375545344581679,0.00345670522504433
"PWY-5695","Environment",0.0139430330056766,0.0573760149990048,0.0419891740471033,0.138705123638371
"PWY-5695","Maize Genotype",0.0138322602723498,0.454082901383004,0.0416555841045537,0.559043967586492
"PWY-5695","GXE",0.130081413317862,9.54598999788363e-05,0.391737658648099,0.00104481385031781
"PWY-5705","Environment",0.0430314338976575,0.00665710216927438,0.0518192522577382,0.0292391572724482
"PWY-5705","Maize Genotype",0.0904593336907902,9.34916321064232e-05,0.108932810436632,0.00103464072864442
"PWY-5705","GXE",0.308639223495737,1.95302446535557e-05,0.371669087695185,0.000286060642278551
"PWY-5723","Environment",0.00863460364507272,0.015688259116853,0.0576205222893419,0.0546346366447047
"PWY-5723","Maize Genotype",0.0109417722852829,0.0641458696810934,0.073016742836693,0.148644564822068
"PWY-5723","GXE",0.0430211935612971,0.106426551899693,0.287089453599574,0.214592736960382
"PWY-5747","Environment",0.0320232973727818,2.47260447175216e-07,0.128649045371256,7.24327662901516e-06
"PWY-5747","Maize Genotype",0.0182659548887931,0.0333233823763081,0.0733808774244134,0.0937463042661775
"PWY-5747","GXE",0.0660686763503157,0.0952701861547101,0.265421516168877,0.198512772824459
"PWY-5837","Environment",0.0434428341549748,1.40103690713145e-07,0.123149453827127,4.49653116184964e-06
"PWY-5837","Maize Genotype",0.0183220338204769,0.170940297820942,0.0519383346386826,0.292218033276792
"PWY-5837","GXE",0.116360593626608,0.00118812963841968,0.329852870579257,0.00766947093789555
"PWY-5838","Environment",0.017543912170816,0.742622592763605,0.0154568416263908,0.796879630555264
"PWY-5838","Maize Genotype",0.0870378024703315,0.0189472919883057,0.0766835535423468,0.0623387911077239
"PWY-5838","GXE",0.44215784011917,8.14313235714067e-05,0.389557565156868,0.000925005016889617
"PWY-5840","Environment",0.062159681863539,0.487201343552579,0.022672603442772,0.59033155496152
"PWY-5840","Maize Genotype",0.147613013012456,0.219749010437998,0.0538415128052203,0.34231896742527
"PWY-5840","GXE",1.04176848471142,0.000434022056763305,0.37998269979715,0.0034783044896149
"PWY-5845","Environment",0.0940338648248726,0.19195955512709,0.0389767405103703,0.311387161085638
"PWY-5845","Maize Genotype",0.0935357678156317,0.744509391526296,0.0387702808703849,0.796879630555264
"PWY-5845","GXE",0.667868214067274,0.331061084766011,0.276829269150055,0.455437624899099
"PWY-5850","Environment",0.140284446756841,0.0841682335246052,0.0468266818021718,0.180535221763796
"PWY-5850","Maize Genotype",0.103893373191204,0.814588901713255,0.0346794105850622,0.858550842440637
"PWY-5850","GXE",0.85843493862381,0.224275246408962,0.286543951579177,0.346322706082677
"PWY-5855","Environment",0.500489444502183,0.378997051087349,0.0331741976044812,0.493008552308353
"PWY-5855","Maize Genotype",0.606888845390003,0.781529930299199,0.0402267234645657,0.828971044279023
"PWY-5855","GXE",3.40702308947662,0.879682425923514,0.225829452458781,0.911720807720936
"PWY-5860","Environment",0.0895865807849953,0.121126664965341,0.0429642034003581,0.232504061086961
"PWY-5860","Maize Genotype",0.0790536193667363,0.742481323900571,0.0379127739025823,0.796879630555264
"PWY-5860","GXE",0.603577138512289,0.201093325382584,0.28946534982828,0.321501783306578
"PWY-5861","Environment",0.0203883144944234,0.0418075824687857,0.0461037006650128,0.11074561739072
"PWY-5861","Maize Genotype",0.0267764258816756,0.127500231401759,0.0605490132136882,0.236274195576448
"PWY-5861","GXE",0.154638045407494,0.00235876530354914,0.349680016895942,0.013348467285994
"PWY-5862","Environment",0.1018451879693,0.22615986462329,0.0371344778476525,0.347749996749289
"PWY-5862","Maize Genotype",0.106781878983201,0.742282893680013,0.038934478876191,0.796879630555264
"PWY-5862","GXE",0.760946709075447,0.329761490962746,0.27745403857396,0.455437624899099
"PWY-5896","Environment",0.0940338648248726,0.19195955512709,0.0389767405103703,0.311387161085638
"PWY-5896","Maize Genotype",0.0935357678156317,0.744509391526296,0.0387702808703849,0.796879630555264
"PWY-5896","GXE",0.667868214067274,0.331061084766011,0.276829269150055,0.455437624899099
"PWY-5897","Environment",0.01396300230834,0.629438997633403,0.0186834814002093,0.698908853559497
"PWY-5897","Maize Genotype",0.054904851318327,0.0331890791995853,0.0734665615413179,0.0936439741722009
"PWY-5897","GXE",0.280229240046781,0.000376862718719672,0.374966477738217,0.00318097684614232
"PWY-5898","Environment",0.01396300230834,0.629438997633403,0.0186834814002093,0.698908853559497
"PWY-5898","Maize Genotype",0.054904851318327,0.0331890791995853,0.0734665615413179,0.0936439741722009
"PWY-5898","GXE",0.280229240046781,0.000376862718719672,0.374966477738217,0.00318097684614232
"PWY-5899","Environment",0.01396300230834,0.629438997633403,0.0186834814002093,0.698908853559497
"PWY-5899","Maize Genotype",0.054904851318327,0.0331890791995853,0.0734665615413179,0.0936439741722009
"PWY-5899","GXE",0.280229240046781,0.000376862718719672,0.374966477738217,0.00318097684614232
"PWY-5913","Environment",0.0702528982855399,2.17285851751649e-10,0.169313584367053,1.35260442715402e-08
"PWY-5913","Maize Genotype",0.0256415151673716,0.0799426389336723,0.0617975478242076,0.17461155346039
"PWY-5913","GXE",0.10719254292334,0.0810769181227936,0.258340283499812,0.176280080054752
"PWY-5918","Environment",0.0709277175798901,0.125085259322526,0.0346428413944295,0.236274195576448
"PWY-5918","Maize Genotype",0.0708057606497908,0.632392638045561,0.0345832746308209,0.700626326466495
"PWY-5918","GXE",0.858043317974238,8.67141994031523e-06,0.41908945597538,0.000141585807550065
"PWY-5920","Environment",1.22723391213397,2.03022474376506e-06,0.104161860229404,4.50786729757914e-05
"PWY-5920","Maize Genotype",0.775500003145036,0.0369949520370697,0.0658208041163365,0.100400469288614
"PWY-5920","GXE",4.07130643502382,0.000278531049634401,0.345553400735661,0.00261714080599871
"PWY-5973","Environment",0.0145646842896338,0.752120000763699,0.0250063344556212,0.802906238757389
"PWY-5973","Maize Genotype",0.0186317082260181,0.966283769031599,0.0319890715180805,0.987096034826126
"PWY-5973","GXE",0.0532882904065995,0.999999999986334,0.0914914999856274,0.999999999999999
"PWY-5989","Environment",0.0691233041046449,3.70605006054838e-11,0.1736707643985,2.83940450792783e-09
"PWY-5989","Maize Genotype",0.0211473522945714,0.145333599218306,0.0531322523651729,0.259412660970309
"PWY-5989","GXE",0.112891863654529,0.0139265549132772,0.283638296942113,0.0506235353781902
"PWY-6071","Environment",0.0448552768213396,0.00398898705210051,0.0690159211489548,0.0201676705781325
"PWY-6071","Maize Genotype",0.0407979183150149,0.155038670626261,0.0627731253267177,0.271469676642721
"PWY-6071","GXE",0.183352693677846,0.134525491118051,0.282112962979163,0.244949523132685
"PWY-6121","Environment",1.88034652203273,0.00759775732986507,0.0614500090841766,0.0320810071130374
"PWY-6121","Maize Genotype",1.43731636075273,0.399175859597518,0.0469717163247177,0.507763928683433
"PWY-6121","GXE",10.0340337197469,0.0130816594837805,0.327913741432522,0.0482567883179458
"PWY-6122","Environment",6.72220496914061,0.000507649759189193,0.0820023448724845,0.00383044818297301
"PWY-6122","Maize Genotype",3.61433453196998,0.475951867372457,0.0440902811109943,0.580941249881088
"PWY-6122","GXE",25.2390583354887,0.0340534692823198,0.307884388438707,0.0950063176615981
"PWY-6123","Environment",15.632299185884,0.112458741370961,0.0428023402218776,0.22223989366166
"PWY-6123","Maize Genotype",19.6577547767842,0.347017035234635,0.0538243221901705,0.470884151353809
"PWY-6123","GXE",104.847121883001,0.180296317934815,0.287078831383503,0.299291887771793
"PWY-6124","Environment",7.6554973343627,0.0619519155618808,0.0477326822661697,0.146912009768139
"PWY-6124","Maize Genotype",8.0943183790001,0.398463225163389,0.050468769104234,0.507505591128817
"PWY-6124","GXE",47.561786154679,0.113317570871811,0.296551814647297,0.222937824347566
"PWY-6125","Environment",103.872896311207,0.0568015271867333,0.0487132938732189,0.137986148970699
"PWY-6125","Maize Genotype",121.497487855976,0.271999745768833,0.0569787022502368,0.398986372291248
"PWY-6125","GXE",611.64155967924,0.160262722166871,0.286841669962312,0.278571852143462
"PWY-6126","Environment",0.0161163076653385,0.0239718863781339,0.0558050819751384,0.0743800586686025
"PWY-6126","Maize Genotype",0.0147111341707706,0.379245532088195,0.05093946240011,0.493008552308353
"PWY-6126","GXE",0.0845412645098513,0.119158522717373,0.292736543271683,0.230450269177676
"PWY-6147","Environment",0.243018098690993,0.029022052866839,0.0458101276437519,0.0847682247958111
"PWY-6147","Maize Genotype",0.284276821068248,0.166754729622588,0.0535876032667649,0.286897137380203
"PWY-6147","GXE",2.08235893407531,4.09168982183352e-05,0.392535079008223,0.000529262735395608
"PWY-6151","Environment",0.0154476586067452,0.485385026577885,0.0268770574241345,0.589565227404358
"PWY-6151","Maize Genotype",0.0235268395653568,0.691872422836786,0.0409338550329167,0.753120145514141
"PWY-6151","GXE",0.166256785362643,0.237947495790258,0.289266696079923,0.360724057545049
"PWY-6163","Environment",3.34125405998158,0.0633725156694873,0.0447587423673531,0.148166726776548
"PWY-6163","Maize Genotype",4.16393467773936,0.231088956563965,0.0557792003031494,0.351933640271727
"PWY-6163","GXE",24.5904957000645,0.0144920314048357,0.329409150566288,0.0521085316939218
"PWY-6168","Environment",183.323106517625,0.0103588593344937,0.0652498748156683,0.0399900151052548
"PWY-6168","Maize Genotype",160.992164564878,0.291768001096111,0.0573016614419624,0.416931031695447
"PWY-6168","GXE",715.161035372074,0.436605717278659,0.254546024871039,0.543221122883876
"PWY-6182","Environment",0.027002041347512,0.00136188818236137,0.0712030977648476,0.00842509707845915
"PWY-6182","Maize Genotype",0.027587985102135,0.038999650028068,0.0727482035554868,0.105553400619445
"PWY-6182","GXE",0.120102854042686,0.0113198390603578,0.316705509342038,0.0430326706263984
"PWY-6185","Environment",0.0174752023722233,0.0322128435859804,0.0494479084898582,0.0917972433317679
"PWY-6185","Maize Genotype",0.0204581094891372,0.179692641640988,0.0578883554162613,0.298787764731927
"PWY-6185","GXE",0.118336557029405,0.00795262000041496,0.334845635452887,0.0327531651929389
"PWY-622","Environment",1.37496159823594,0.898402714337815,0.0148186363956526,0.929189100187397
"PWY-622","Maize Genotype",2.54957327259031,0.956408503535268,0.0274780032686459,0.980335721853869
"PWY-622","GXE",24.3202132963256,0.618257294069026,0.262110882489621,0.695801429257345
"PWY-6263","Environment",0.0686691993844011,0.0281090785168222,0.0524467255092164,0.083076089622418
"PWY-6263","Maize Genotype",0.0525274008166598,0.60567615425506,0.0401182800591927,0.685335135033002
"PWY-6263","GXE",0.43042504189615,0.0186712064962128,0.328741040044051,0.0617824640206907
"PWY-6269","Environment",0.0240636993281812,1.04828352184375e-12,0.187415135988218,1.49155769679482e-10
"PWY-6269","Maize Genotype",0.00687965890124602,0.107613799754793,0.0535807978210402,0.215227599509586
"PWY-6269","GXE",0.0376107779854232,0.0036099761253031,0.292923751025505,0.0187267511500098
"PWY-6270","Environment",0.0613147759750204,0.212313244865561,0.0301210804834259,0.334400496928828
"PWY-6270","Maize Genotype",0.0698166446749251,0.64578285022977,0.0342976507684364,0.713873161852221
"PWY-6270","GXE",0.857952418822057,8.44837320121386e-06,0.421471879287584,0.00014024299514015
"PWY-6277","Environment",6.72220496914061,0.000507649759189193,0.0820023448724845,0.00383044818297301
"PWY-6277","Maize Genotype",3.61433453196998,0.475951867372457,0.0440902811109943,0.580941249881088
"PWY-6277","GXE",25.2390583354887,0.0340534692823198,0.307884388438707,0.0950063176615981
"PWY-6292","Environment",0.0189283165116578,0.113483410586562,0.0443499511250124,0.222937824347566
"PWY-6292","Maize Genotype",0.0219481790576973,0.440400727776492,0.0514256335418093,0.546250466831116
"PWY-6292","GXE",0.112794274576637,0.412982568372872,0.264282381456064,0.52052784415338
"PWY-6293","Environment",0.0239874912094359,0.36415599858844,0.0241246566341941,0.481672476220566
"PWY-6293","Maize Genotype",0.0618511667726272,0.0680840516169182,0.0622048445077472,0.155175550138331
"PWY-6293","GXE",0.410603264283134,7.15567470297844e-06,0.412951178479779,0.000120797491596043
"PWY-6305","Environment",0.0190188600260222,0.0142574256143752,0.062349748279483,0.0514507098257889
"PWY-6305","Maize Genotype",0.00989757298308811,0.847065165630882,0.0324473277172767,0.888080952598272
"PWY-6305","GXE",0.0865018759769208,0.21386938213836,0.283580098149137,0.335984076671619
"PWY-6307","Environment",0.119198838729583,3.68499876895991e-09,0.158056027873649,1.75111893974177e-07
"PWY-6307","Maize Genotype",0.0143825807464486,0.974615663456156,0.0190711051180024,0.992553375053508
"PWY-6307","GXE",0.216618302237553,0.0409367831985962,0.287232902445249,0.109311088648262
"PWY-6313","Environment",0.00478672649157882,7.8050363811444e-05,0.0923370224590815,0.00090393212042091
"PWY-6313","Maize Genotype",0.0016518479999604,0.769624360545482,0.031864516625228,0.818972125300997
"PWY-6313","GXE",0.0170563188130185,0.00763981722564422,0.329020197013071,0.0320810071130374
"PWY-6317","Environment",0.00837226427473733,0.50056139920226,0.0295788475106817,0.599229751929628
"PWY-6317","Maize Genotype",0.0112910528070282,0.808138293942097,0.0398908011327223,0.852654386405009
"PWY-6317","GXE",0.0595150869583836,0.956713174339318,0.210264227687942,0.980335721853869
"PWY-6353","Environment",0.0289661668698322,2.55331129330868e-11,0.181735663335885,2.1192483734462e-09
"PWY-6353","Maize Genotype",0.0106860958612475,0.0438699519973693,0.0670452783256347,0.11528884482686
"PWY-6353","GXE",0.0391941092385542,0.121154224602543,0.245906456085021,0.232504061086961
"PWY-6383","Environment",0.0138143430803014,0.161464281659071,0.0342676074638681,0.280171471310861
"PWY-6383","Maize Genotype",0.0129814459721846,0.751435194676471,0.0322015380899697,0.802906238757389
"PWY-6383","GXE",0.158457040984678,0.000178501309060391,0.393065645524026,0.00179583135175909
"PWY-6385","Environment",0.459516848090044,0.106835828410151,0.0386234177572376,0.214592736960382
"PWY-6385","Maize Genotype",0.554377588315221,0.379656184357938,0.0465966749157213,0.493008552308353
"PWY-6385","GXE",4.34557820335408,0.00124722626420126,0.365255557097662,0.00792137133282636
"PWY-6386","Environment",0.0608879935546715,0.225732628134564,0.029094008908136,0.347749996749289
"PWY-6386","Maize Genotype",0.0792797864874316,0.521432390006168,0.0378821288014587,0.614611432480644
"PWY-6386","GXE",0.89326771565038,3.81459315697675e-06,0.426828630067224,7.16855619688461e-05
"PWY-6387","Environment",0.451115032484223,0.110372827664887,0.0381415520375386,0.219423825058339
"PWY-6387","Maize Genotype",0.544129609265406,0.388344545476241,0.0460058883266938,0.500376671790862
"PWY-6387","GXE",4.36511831600741,0.000913366893712152,0.369068586526946,0.00618852670841703
"PWY-6396","Environment",0.025686714055436,0.000128490919276175,0.0890077331822107,0.00133309328749032
"PWY-6396","Maize Genotype",0.0247235175462411,0.0116392881093624,0.0856701346981294,0.0440788249312737
"PWY-6396","GXE",0.0801287495541909,0.0793904861829553,0.277656314667242,0.174169436648069
"PWY-6435","Environment",0.0284439947233239,0.000475859723790227,0.0844797451741531,0.0037027834757427
"PWY-6435","Maize Genotype",0.0202963546727881,0.178156261658538,0.0602809446211639,0.298224599347738
"PWY-6435","GXE",0.0927473112998788,0.151653359289615,0.275463038873957,0.267813379171023
"PWY-6467","Environment",0.00927716572783993,0.112713875047256,0.0410828286807701,0.222303009004093
"PWY-6467","Maize Genotype",0.0098891400465745,0.53419311469304,0.0437928844058884,0.624479274922849
"PWY-6467","GXE",0.0730003312393873,0.0322357704832017,0.323273313200314,0.0917972433317679
"PWY-6478","Environment",0.0458217768540691,0.005385755225091,0.0573699952312208,0.0253028877556162
"PWY-6478","Maize Genotype",0.0292545998159157,0.55549504815793,0.0366274807996956,0.640362347182058
"PWY-6478","GXE",0.320640869506634,1.90300569213814e-05,0.401450280138941,0.000282894577517849
"PWY-6501","Environment",0.0441052312995916,1.35862196609288e-07,0.13437632677563,4.49653116184964e-06
"PWY-6501","Maize Genotype",0.0257092552768018,0.0220907354239027,0.0783289234958757,0.0702951197514602
"PWY-6501","GXE",0.0813816354812852,0.201100011044175,0.247947123747873,0.321501783306578
"PWY-6527","Environment",0.0186181954851078,0.0505952015958782,0.0467102786528555,0.127576761492392
"PWY-6527","Maize Genotype",0.0245564924121033,0.148341859111364,0.0616085809295302,0.263418033178103
"PWY-6527","GXE",0.128208278275498,0.0205677274931956,0.321655469169476,0.0659190108077115
"PWY-6531","Environment",0.0698185105465823,8.95201671080343e-06,0.115073163595098,0.000143809816838068
"PWY-6531","Maize Genotype",0.0343660602224993,0.243000010519767,0.0566413009837008,0.365601224286538
"PWY-6531","GXE",0.146862941841357,0.41339108908165,0.24205591325659,0.52052784415338
"PWY-6562","Environment",0.0524186670157254,0.00632146636180536,0.0700539486977062,0.0284739416842229
"PWY-6562","Maize Genotype",0.0405166244401328,0.361319044602167,0.0541476861493216,0.480717227246491
"PWY-6562","GXE",0.185327521231334,0.517468608019318,0.247677505052124,0.611386398086882
"PWY-6595","Environment",0.0177179694741425,0.0117522756850397,0.0598169830428737,0.0443381309935588
"PWY-6595","Maize Genotype",0.0164023625143988,0.255738558368433,0.0553754109249781,0.379041077581785
"PWY-6595","GXE",0.0900636548029445,0.0549470796384932,0.304060582110676,0.13512911437022
"PWY-6606","Environment",0.0139587377079413,1.48017675030289e-06,0.113686529992745,3.59574644707727e-05
"PWY-6606","Maize Genotype",0.00775162630285278,0.0777069663021139,0.0631328931462384,0.171991418748679
"PWY-6606","GXE",0.0373303238059185,0.0117996503618897,0.304035727713832,0.0443488745677063
"PWY-6607","Environment",0.0115024789778522,0.230656252828856,0.0362990951827443,0.351812600026862
"PWY-6607","Maize Genotype",0.0126566176105866,0.704680501474786,0.0399412829376082,0.761238372525908
"PWY-6607","GXE",0.0912084295722271,0.227389078061866,0.287832168429585,0.348347830187096
"PWY-6608","Environment",0.0328765070370131,7.59838160981789e-24,0.323269167000357,3.78399404168931e-21
"PWY-6608","Maize Genotype",0.00742014964897792,0.00351826990582966,0.0729610841365406,0.0184431411905597
"PWY-6608","GXE",0.0193406840272161,0.200785776470966,0.190173694780176,0.321501783306578
"PWY-6609","Environment",0.00961032581649426,0.394141843968475,0.0280056988181172,0.504531692355373
"PWY-6609","Maize Genotype",0.0150061628455157,0.555214393292857,0.0437298469471079,0.640362347182058
"PWY-6609","GXE",0.11187842429077,0.036236995695812,0.326027807460516,0.0991539772335954
"PWY-6612","Environment",0.0290826795516073,0.0073219714448461,0.0563570598577083,0.0312013909751476
"PWY-6612","Maize Genotype",0.0290910358599302,0.138673812188851,0.0563732528968506,0.250215791558145
"PWY-6612","GXE",0.192334224906565,0.000196104034869962,0.372709516209147,0.0019338576111929
"PWY-6628","Environment",18.6618837719166,0.0784083703739151,0.0456301716458838,0.173159061845719
"PWY-6628","Maize Genotype",21.5920215304825,0.350937378488098,0.0527946514220708,0.472981906595597
"PWY-6628","GXE",120.609009296536,0.12248445812018,0.294901086273122,0.234604846707114
"PWY-6630","Environment",11.4623745496391,0.00692014431638416,0.0650294781819239,0.030098094930649
"PWY-6630","Maize Genotype",8.41245160990124,0.432088549055045,0.047726353388076,0.540653511129177
"PWY-6630","GXE",52.4656458037593,0.0831167472155389,0.297653296384695,0.179575445177173
"PWY-6672","Environment",0.0199578023428779,0.0112793874669522,0.0624484869076089,0.0430326706263984
"PWY-6672","Maize Genotype",0.0127377976509518,0.655093813761263,0.0398569028879623,0.720169358174634
"PWY-6672","GXE",0.0941956637768024,0.11595771259778,0.294740702160443,0.226458591661547
"PWY-6700","Environment",0.137901074182464,0.3468925213332,0.0280088726417057,0.470884151353809
"PWY-6700","Maize Genotype",0.24108663060134,0.364104483979197,0.0489667304780835,0.481672476220566
"PWY-6700","GXE",1.74079551813627,0.00448074483991829,0.353570269497808,0.0223141093027931
"PWY-6703","Environment",0.00774467665491291,0.667339982234517,0.0167678026792052,0.730407277258878
"PWY-6703","Maize Genotype",0.0248129162043295,0.157313483529066,0.0537218145248091,0.274403204194307
"PWY-6703","GXE",0.196944768618758,3.29126032248739e-06,0.426400115336796,6.4276378062695e-05
"PWY-6731","Environment",0.044615244009365,0.0275018888961977,0.0526612434601698,0.0825056666885932
"PWY-6731","Maize Genotype",0.0457975718829791,0.276742285735297,0.0540567946307308,0.402387323492491
"PWY-6731","GXE",0.266230652059775,0.0350916127333868,0.314243203101986,0.0965504040951746
"PWY-6748","Environment",0.055848798139259,0.000239840999443223,0.0918384054198068,0.0022969388023601
"PWY-6748","Maize Genotype",0.0363390749972632,0.206439881994934,0.0597563924985066,0.327411023036551
"PWY-6748","GXE",0.154532267930899,0.337499938000262,0.254114637118822,0.462379557425394
"PWY-6803","Environment",0.024310790936419,0.000714991714994807,0.0832988643652891,0.0051232499865815
"PWY-6803","Maize Genotype",0.020148080151152,0.100473137384278,0.0690356887244493,0.206642848997085
"PWY-6803","GXE",0.0742791426019493,0.330235039589326,0.254511185627478,0.455437624899099
"PWY-6823","Environment",87.1645796578958,0.000252946341419086,0.0855942952532985,0.00239937672431819
"PWY-6823","Maize Genotype",41.8524555061086,0.536022131366701,0.0410984765569381,0.625882816929934
"PWY-6823","GXE",322.778971656161,0.0178952557312266,0.316964054779227,0.060215117257776
"PWY-6837","Environment",0.0409703738463466,0.00387043767416399,0.0710370486331201,0.0197690047357299
"PWY-6837","Maize Genotype",0.0408826131959834,0.0933192598296345,0.070884883617216,0.195675753242771
"PWY-6837","GXE",0.14815753584626,0.33898128528567,0.256884990084427,0.462500493348667
"PWY-6859","Environment",0.00837468389650898,0.124296740168779,0.0419132423349779,0.235955950078269
"PWY-6859","Maize Genotype",0.00627997744490552,0.862309125867078,0.0314297494400048,0.897450250118714
"PWY-6859","GXE",0.0616495945040603,0.0937556796491115,0.308541125400438,0.195766576374245
"PWY-6895","Environment",0.0110089342910655,0.954230657385875,0.0120253900524069,0.9798079739756
"PWY-6895","Maize Genotype",0.0201028955981259,0.989387216015539,0.0219589975159056,0.999999999999999
"PWY-6895","GXE",0.224984143487387,0.804317966268007,0.245756946995152,0.849523535952211
"PWY-6897","Environment",0.0174138408977965,0.241532569315269,0.0280061897913498,0.364494604603042
"PWY-6897","Maize Genotype",0.0304314669657659,0.227162978687536,0.0489420711073727,0.348347830187096
"PWY-6897","GXE",0.264251090004589,2.70313317413692e-06,0.424987584455079,5.60900133633411e-05
"PWY-6901","Environment",0.0257480750478624,0.064815944303158,0.0417379638603005,0.149436760476725
"PWY-6901","Maize Genotype",0.02246401957355,0.622981696924255,0.0364144673096932,0.697179517007369
"PWY-6901","GXE",0.239302310998703,0.000182874959132245,0.387912152251531,0.00182143459295716
"PWY-6902","Environment",0.00328272783640749,0.242577549815093,0.0346039004159614,0.365517760387039
"PWY-6902","Maize Genotype",0.00593174580312465,0.198604987782374,0.0625277364719806,0.320081824969651
"PWY-6902","GXE",0.0271877591026119,0.182856598099604,0.286591686976254,0.303036891359743
"PWY-6906","Environment",0.0265867051937645,0.246962397179933,0.0348639312392254,0.368777432670485
"PWY-6906","Maize Genotype",0.0410169742803899,0.362526914060401,0.0537867690084432,0.480794682295818
"PWY-6906","GXE",0.218657961627966,0.203460535327946,0.286732638871496,0.324754316004221
"PWY-6922","Environment",0.700730837415057,0.130233448896332,0.0419771870094272,0.24020836129768
"PWY-6922","Maize Genotype",1.00229368331567,0.250342061194645,0.0600422689232793,0.373264510403992
"PWY-6922","GXE",4.53685378135269,0.306763492624376,0.271779618429244,0.4327711595664
"PWY-6936","Environment",0.0177515149688265,1.01251572899216e-05,0.10072590942227,0.000160073915250189
"PWY-6936","Maize Genotype",0.0119296916019521,0.0482762183247196,0.0676916329588786,0.122974714709516
"PWY-6936","GXE",0.0553993761006864,0.00647487704205018,0.314347961228513,0.0287900782762588
"PWY-6969","Environment",55.7123009388222,5.52577440122594e-11,0.165062032066948,3.93119378830074e-09
"PWY-6969","Maize Genotype",22.3835803973397,0.0288556077598558,0.0663171185368187,0.08452995684946
"PWY-6969","GXE",100.025312888983,0.0037127208211707,0.296350736289242,0.0191599478646944
"PWY-702","Environment",0.00979679132057108,0.365701540204707,0.0255251822502674,0.482899143802131
"PWY-702","Maize Genotype",0.0188497646664242,0.285755216127258,0.0491123739131641,0.411884508339724
"PWY-702","GXE",0.151450785728586,0.00010607097989382,0.39459949499496,0.00114833365189396
"PWY-7039","Environment",0.0141401938777174,0.28288227587847,0.0297652614328891,0.408927063534043
"PWY-7039","Maize Genotype",0.0382956840437205,0.0234107545308392,0.0806128301471825,0.073324250039987
"PWY-7039","GXE",0.157033635623199,0.0101527630351985,0.330557505682243,0.039500593683819
"PWY-7052","Environment",0.0757883018918596,6.2908599601942e-14,0.20789851540626,1.25313930407068e-11
"PWY-7052","Maize Genotype",0.0230101138451723,0.041621528949426,0.0631201437204146,0.110556071088953
"PWY-7052","GXE",0.0936027790215907,0.0342139878028597,0.256766259577312,0.0951875191386822
"PWY-7072","Environment",0.0172216432520504,0.14340271527023,0.0417792002725389,0.256886878433722
"PWY-7072","Maize Genotype",0.0321480632696497,0.0757257662989718,0.0779902564499493,0.16948958030062
"PWY-7072","GXE",0.0995969987709655,0.609476770743831,0.241619391209987,0.687473231778999
"PWY-7090","Environment",0.0466413051441261,0.00350086183376055,0.0766408986524504,0.0184431411905597
"PWY-7090","Maize Genotype",0.0184854253877505,0.897837164371646,0.0303752137576802,0.929189100187397
"PWY-7090","GXE",0.153157755073905,0.528336766875439,0.251668514596321,0.620546485622567
"PWY-7094","Environment",0.0114172924852349,0.000597368944305865,0.0874471475204885,0.00434291582867621
"PWY-7094","Maize Genotype",0.00979344942767114,0.0744552461687131,0.0750098342442862,0.16739825097977
"PWY-7094","GXE",0.0293798590445389,0.671419560125762,0.225025755565208,0.732457701955376
"PWY-7111","Environment",0.131964452534282,0.46061597590189,0.0246223393811212,0.5656886707747
"PWY-7111","Maize Genotype",0.227727694731641,0.530175063646182,0.042490143962869,0.621972159471846
"PWY-7111","GXE",1.93315209129178,0.00341993739683584,0.360693550066032,0.0182152815360882
"PWY-7115","Environment",0.0804221933576191,2.38381148688065e-12,0.189281593241617,2.96784530116641e-10
"PWY-7115","Maize Genotype",0.0201322123479135,0.230557739951411,0.0473831546939598,0.351812600026862
"PWY-7115","GXE",0.118696880540886,0.0147296207160913,0.27936485842512,0.0526913260210674
"PWY-7117","Environment",0.0126526152969911,0.501307875809699,0.020903159432675,0.599402934341489
"PWY-7117","Maize Genotype",0.0415453237957041,0.0393315309500999,0.0686362863802732,0.105919175361213
"PWY-7117","GXE",0.242727873071607,2.52883597711344e-05,0.401006377770489,0.000349822310167359
"PWY-7118","Environment",0.0133214254518982,0.157609444594202,0.0345997455412178,0.274438823104589
"PWY-7118","Maize Genotype",0.0349404105792239,0.0060838693028266,0.0907507473214558,0.0276691042265539
"PWY-7118","GXE",0.128012459544388,0.00555398743768978,0.332486830507328,0.0256100531849029
"PWY-7208","Environment",19.7972304961001,0.0280762773963589,0.0530803014589216,0.083076089622418
"PWY-7208","Maize Genotype",19.5836301616496,0.318573451454302,0.0525075965976741,0.444396579339614
"PWY-7208","GXE",115.186075554736,0.0503187020318428,0.308836714080789,0.127201591938364
"PWY-7220","Environment",23.8909028108982,0.0174231958039298,0.0579316230632835,0.059429804865459
"PWY-7220","Maize Genotype",25.6596788665665,0.172599572282224,0.0622206224598904,0.292218033276792
"PWY-7220","GXE",117.756317265212,0.136858373679095,0.285540259366709,0.247836216870087
"PWY-7221","Environment",46.3162880485687,0.061305246557271,0.0487384871020607,0.146076616198665
"PWY-7221","Maize Genotype",49.6607145914911,0.380480889082318,0.0522578168409872,0.493436153028631
"PWY-7221","GXE",268.233445468349,0.208469851612622,0.282261227596464,0.329580908263764
"PWY-7222","Environment",23.8909028108982,0.0174231958039298,0.0579316230632835,0.059429804865459
"PWY-7222","Maize Genotype",25.6596788665665,0.172599572282224,0.0622206224598904,0.292218033276792
"PWY-7222","GXE",117.756317265212,0.136858373679095,0.285540259366709,0.247836216870087
"PWY-7228","Environment",51.3445944684001,0.0359669553213104,0.0528996712311109,0.0986861914601244
"PWY-7228","Maize Genotype",55.433208093838,0.270286117881548,0.0571121169387077,0.397057482905637
"PWY-7228","GXE",273.847075308595,0.185764019732118,0.28214109783926,0.305315121539917
"PWY-7229","Environment",0.0186811632394687,0.0205831449409621,0.0572567108661978,0.0659190108077115
"PWY-7229","Maize Genotype",0.0164798820357429,0.391499849722764,0.0505099082286278,0.503140452030803
"PWY-7229","GXE",0.0946932552850747,0.132528409277348,0.290229482465075,0.24398945589693
"PWY-7234","Environment",0.384418247499084,0.166780564802347,0.0342724466821901,0.286897137380203
"PWY-7234","Maize Genotype",0.583428595702916,0.25544043057045,0.0520150267818411,0.379041077581785
"PWY-7234","GXE",4.13188216675473,0.000899154048401023,0.368374061789383,0.00617625815315461
"PWY-7237","Environment",0.000685630607049332,0.0732438588206988,0.0496871106197478,0.16542150427532
"PWY-7237","Maize Genotype",0.00101280439106716,0.119937458956902,0.0733971373181409,0.231507188219136
"PWY-7237","GXE",0.00311194793657556,0.781150539780063,0.225520418396958,0.828971044279023
"PWY-7238","Environment",0.0211011388603849,7.660639691586e-07,0.134385446523188,2.06216138724855e-05
"PWY-7238","Maize Genotype",0.00633960670612087,0.621629441110561,0.0403746396637812,0.697179517007369
"PWY-7238","GXE",0.036742652996422,0.509065602875264,0.234000537224116,0.605769821342608
"PWY-724","Environment",7.12636575102093,0.168790746178038,0.0378600044655725,0.289854453781597
"PWY-724","Maize Genotype",10.0128888813417,0.338625397160004,0.053195139150214,0.462500493348667
"PWY-724","GXE",57.3216267255386,0.084917449799638,0.304530685011763,0.181108736617643
"PWY-7254","Environment",0.0237805360876527,0.263274637213431,0.0276347389622479,0.388476353577152
"PWY-7254","Maize Genotype",0.062905170006854,0.0230526145130678,0.0731004526604356,0.0724302967035191
"PWY-7254","GXE",0.338418919567978,3.51382818758436e-05,0.39326777443856,0.000472942280382976
"PWY-7255","Environment",0.0229193223458418,0.00773036315976804,0.0631455621092083,0.0320810071130374
"PWY-7255","Maize Genotype",0.0201519391505084,0.252733106403757,0.0555210798141369,0.376266328816356
"PWY-7255","GXE",0.109198045737461,0.0619136178323406,0.300854094866816,0.146912009768139
"PWY-7282","Environment",0.0191512027843078,0.295284166796178,0.0288819160324948,0.421351046030076
"PWY-7282","Maize Genotype",0.0488448737845494,0.041625026765419,0.0736629212875912,0.110556071088953
"PWY-7282","GXE",0.229667137969918,0.00360862189196869,0.346360856233308,0.0187267511500098
"PWY-7294","Environment",0.137690785518426,0.0609568443829353,0.0504450422699922,0.145594765000968
"PWY-7294","Maize Genotype",0.132203253352095,0.504578606935605,0.0484346042363486,0.601868613781871
"PWY-7294","GXE",0.71919407495881,0.411642605615072,0.263487315981433,0.519640095301156
"PWY-7295","Environment",0.0212587282805515,0.0577808411786331,0.0490333369079757,0.139008980226856
"PWY-7295","Maize Genotype",0.0219845982454492,0.408335176517308,0.0507075587179778,0.517224712849717
"PWY-7295","GXE",0.124348232583239,0.174716970042678,0.286809667149435,0.294824050035892
"PWY-7315","Environment",0.0249578934112191,0.000392462541979712,0.0971879031809397,0.00325743909843161
"PWY-7315","Maize Genotype",0.0104910342161889,0.71224990604689,0.0408528717096196,0.768581697099353
"PWY-7315","GXE",0.0529435686569028,0.904831435667062,0.206166215229027,0.934867333946466
"PWY-7316","Environment",0.0237266706989578,0.0751044999485635,0.0432542366413757,0.168477662046778
"PWY-7316","Maize Genotype",0.0374504941740395,0.0851066052839116,0.0682730652729766,0.18112431380935
"PWY-7316","GXE",0.174704432527051,0.0236374390034538,0.318489979597274,0.0738021606502821
"PWY-7323","Environment",5.17693150381526,6.30048219185446e-10,0.14097256670398,3.69134133122767e-08
"PWY-7323","Maize Genotype",2.40473754511785,0.0192930077000508,0.0654831967034633,0.0627968485923222
"PWY-7323","GXE",12.8525939213749,2.37229432594232e-05,0.349987855270036,0.000332789457554726
"PWY-7328","Environment",3.12450040760432,0.0679395290041001,0.0388093086551958,0.155175550138331
"PWY-7328","Maize Genotype",9.52238368972035,7.637385262611e-05,0.118277189802293,0.000894921849595359
"PWY-7328","GXE",27.5170272573523,0.000736275690274002,0.34178801881573,0.00523807562509218
"PWY-7345","Environment",12.8061936367686,0.00733044727729372,0.0642478031291421,0.0312013909751476
"PWY-7345","Maize Genotype",10.1209433456645,0.356967968602019,0.0507760849161684,0.476595303924412
"PWY-7345","GXE",59.4558320123934,0.0769558096729935,0.298285868413238,0.170762824836705
"PWY-7356","Environment",0.00768669020813176,0.000436534197993837,0.0759000692002773,0.0034783044896149
"PWY-7356","Maize Genotype",0.00733427785922334,0.0293809924993672,0.0724202721816743,0.0853162347795036
"PWY-7356","GXE",0.0339002882826178,0.00207620879627918,0.334738900214559,0.0121641409476122
"PWY-7357","Environment",0.0130822420813992,0.361503216071909,0.0296228731840835,0.480717227246491
"PWY-7357","Maize Genotype",0.0311414734943437,0.107140488395022,0.0705154295684593,0.214712125636703
"PWY-7357","GXE",0.126730770631949,0.172573520582596,0.286963772997991,0.292218033276792
"PWY-7371","Environment",0.0839992780777494,6.19918797217119e-17,0.233858553668552,2.05813040676084e-14
"PWY-7371","Maize Genotype",0.0223264980617357,0.0252272931257284,0.0621581835544881,0.0775631038200364
"PWY-7371","GXE",0.0965708885528719,0.00487747932064159,0.268858600219849,0.0237990761305804
"PWY-7374","Environment",0.103031166800433,1.09589611576724e-15,0.226694248763025,2.72878132826043e-13
"PWY-7374","Maize Genotype",0.0247703701846201,0.0868391042843745,0.0545009887295668,0.184024995462206
"PWY-7374","GXE",0.119188384888872,0.0158630815794837,0.262244155945517,0.0548598237957145
"PWY-7376","Environment",0.0802904544301906,9.16882243295e-08,0.133966699874696,3.26148112257793e-06
"PWY-7376","Maize Genotype",0.0289416027932555,0.296146763098063,0.0482898128153929,0.421977362010974
"PWY-7376","GXE",0.174152043753533,0.0285259670551835,0.290577189326777,0.083810805861247
"PWY-7383","Environment",0.29881901766855,0.0105322663001397,0.0615652632756096,0.0405024603665603
"PWY-7383","Maize Genotype",0.201276582073571,0.589102651385651,0.0414687320213303,0.672402098224131
"PWY-7383","GXE",1.4946746902023,0.0559031565332801,0.307945730936588,0.136469470360654
"PWY-7392","Environment",0.0259706308676814,0.446163729033499,0.0220069147914112,0.552023694555732
"PWY-7392","Maize Genotype",0.0496324536067737,0.395115180760232,0.0420573987200355,0.504531692355373
"PWY-7392","GXE",0.511058617750279,2.06227465299705e-06,0.433059308861175,4.50786729757914e-05
"PWY-7399","Environment",0.0341323520162597,0.00840297501131644,0.0618519380586715,0.0343006684888163
"PWY-7399","Maize Genotype",0.0202851526386309,0.687361454445693,0.0367591428776311,0.749028455829223
"PWY-7399","GXE",0.180316364012325,0.0184062194203241,0.32675499691736,0.061108648475476
"PWY-7400","Environment",3.73782242526886,2.48449562222971e-06,0.118207748681035,5.26501625476764e-05
"PWY-7400","Maize Genotype",1.19369791342513,0.62835717989825,0.037750413716105,0.698908853559497
"PWY-7400","GXE",9.09610737894252,0.0636838019612695,0.287662240923178,0.148519752971465
"PWY-7431","Environment",0.00419659234729526,8.26560707863212e-05,0.0940878741191849,0.000925005016889617
"PWY-7431","Maize Genotype",0.00128848013420865,0.853621474749937,0.0288878086408912,0.893074568120732
"PWY-7431","GXE",0.0141596749605762,0.0190271009003495,0.317460836079996,0.0623387911077239
"PWY-7560","Environment",5.16123929914135,0.00135445370353684,0.0763492107214496,0.00842509707845915
"PWY-7560","Maize Genotype",3.60162200525617,0.289712679906541,0.053278094945929,0.415185365736569
"PWY-7560","GXE",19.7639185699384,0.0814144948044033,0.292363809565822,0.176280080054752
"PWY-7663","Environment",0.017692946741576,0.608718391736096,0.0305457367695291,0.687396279103346
"PWY-7663","Maize Genotype",0.0177096211184232,0.972896848596447,0.0305745240107619,0.991817053430974
"PWY-7663","GXE",0.0524702891399168,0.999999999988673,0.0905865859259468,0.999999999999999
"PWY-7761","Environment",0.667371808370743,0.0136444989576702,0.0568384817300866,0.0497799302631483
"PWY-7761","Maize Genotype",0.481323130413343,0.552599117919417,0.0409931549566879,0.639986885404349
"PWY-7761","GXE",3.97978540873692,0.00762667789441821,0.338948929827278,0.0320810071130374
"PWY-7783","Environment",0.0516775352582713,0.000782401911824705,0.0806379045040917,0.00552675393033621
"PWY-7783","Maize Genotype",0.0471012223585895,0.0592955394212285,0.0734970011939571,0.142309294610948
"PWY-7783","GXE",0.170998979789702,0.19724046684566,0.266827729566922,0.318397901099316
"PWY-7790","Environment",6.27877640553466,0.000298883302220677,0.0859492229439325,0.00270625244556177
"PWY-7790","Maize Genotype",3.59551797700209,0.352810545557199,0.0492185031357164,0.473032171146176
"PWY-7790","GXE",21.7904147588243,0.0513829921278799,0.298285700139925,0.128677445633141
"PWY-7791","Environment",6.27877640553466,0.000298883302220677,0.0859492229439325,0.00270625244556177
"PWY-7791","Maize Genotype",3.59551797700209,0.352810545557199,0.0492185031357164,0.473032171146176
"PWY-7791","GXE",21.7904147588243,0.0513829921278799,0.298285700139925,0.128677445633141
"PWY-7805","Environment",0.0132969515601896,0.0796651661071792,0.0422608069714198,0.174387924050001
"PWY-7805","Maize Genotype",0.0300607212642918,0.00536536119589548,0.0955399689185436,0.0253028877556162
"PWY-7805","GXE",0.0939053154349365,0.0480416012428262,0.29845294925099,0.122829124145273
"PWY-7807","Environment",0.0165303091839961,0.183960795150272,0.036553863805112,0.304360385331679
"PWY-7807","Maize Genotype",0.0312946507271648,0.103623989162997,0.069202601583329,0.210798505642642
"PWY-7807","GXE",0.134022682823915,0.100771280453563,0.296367529500546,0.206642848997085
"PWY-7851","Environment",147.77189958282,0.00267010321090463,0.0738435267817332,0.014774571100339
"PWY-7851","Maize Genotype",102.496907304883,0.37173761914306,0.0512190283875386,0.48781379270947
"PWY-7851","GXE",550.670768648895,0.204325424015052,0.275177295327736,0.325612995710386
"PWY-7854","Environment",0.0482733379728839,0.117303323399915,0.0373202383539262,0.227904136694221
"PWY-7854","Maize Genotype",0.0774905540044513,0.133514219245699,0.0599081411616572,0.244923637234931
"PWY-7854","GXE",0.465683370938344,0.00129879164972445,0.36002097908873,0.00818731951345287
"PWY-7858","Environment",0.0241342319201804,0.010125388408004,0.0619686862783743,0.039500593683819
"PWY-7858","Maize Genotype",0.022857143859323,0.215716173721744,0.0586895485931616,0.337819668281221
"PWY-7858","GXE",0.112763421520867,0.111178803562225,0.289538988231057,0.220585833362502
"PWY-7873","Environment",0.0211623374220939,0.00302296597573798,0.0688862422995658,0.0162749951991083
"PWY-7873","Maize Genotype",0.017625871888913,0.201088957346047,0.0573745733972248,0.321501783306578
"PWY-7873","GXE",0.0941970254752583,0.0368399853468387,0.306623932477917,0.100253074878282
"PWY-7874","Environment",0.0137847984510726,0.00484117944513522,0.0642339181760689,0.0237527819081511
"PWY-7874","Maize Genotype",0.0148921857136325,0.0675120848695787,0.0693940823282667,0.154935568041706
"PWY-7874","GXE",0.0662110240511168,0.0272426020598841,0.308527797221601,0.0825056666885932
"PWY-7883","Environment",0.0048126747380744,1.17981070323662e-07,0.131413844154132,4.05203951870234e-06
"PWY-7883","Maize Genotype",0.00234016307177917,0.0761404884150704,0.0638999811844937,0.170035709554731
"PWY-7883","GXE",0.0102902840652047,0.0406547100442986,0.280984246815652,0.108849707537961
"PWY-7900","Environment",0.00607971384795108,0.935371214477727,0.0122022686687227,0.962427406632041
"PWY-7900","Maize Genotype",0.0173479265094129,0.840522518625847,0.0348180959510871,0.883080620834751
"PWY-7900","GXE",0.145990589506948,0.262406640982262,0.29300990816687,0.387770051065776
"PWY-7942","Environment",0.229610015382883,0.000450701197849526,0.0965181045104093,0.00353463301620573
"PWY-7942","Maize Genotype",0.070673614756742,0.918100404218446,0.02970812629338,0.946612839132062
"PWY-7942","GXE",0.510412530712262,0.868374482517966,0.21455531850629,0.902819399361058
"PWY-7953","Environment",1.15205651165434,0.108002386991829,0.0397662225020802,0.215571898685094
"PWY-7953","Maize Genotype",1.42021620533037,0.358479092466773,0.0490224507660026,0.47797212328903
"PWY-7953","GXE",9.96610040459108,0.00670367320468263,0.34400583839237,0.0292844671572978
"PWY-7977","Environment",11.3148095168228,0.0647614481352252,0.0473442349989869,0.149436760476725
"PWY-7977","Maize Genotype",11.2197071099841,0.481361040912422,0.0469463007083879,0.585391449021699
"PWY-7977","GXE",71.734302998504,0.100831751619059,0.300155799671241,0.206642848997085
"PWY-7992","Environment",0.0882861125129743,1.03930659029517e-09,0.158038576010676,5.75082979963326e-08
"PWY-7992","Maize Genotype",0.027981672388211,0.223260776508499,0.0500892329807846,0.345291511494511
"PWY-7992","GXE",0.15881702639597,0.022862117902749,0.284294052410344,0.0722878394639303
"PWY-8004","Environment",0.133486187126242,0.0923683712881556,0.0450427815929661,0.194500841021148
"PWY-8004","Maize Genotype",0.138564107801491,0.51316306383873,0.046756244812238,0.60873457804723
"PWY-8004","GXE",0.853447337717535,0.185232103761891,0.287982171500291,0.305315121539917
"PWY-801","Environment",0.00891840851104507,0.52565403800757,0.0212833935283231,0.618124465000637
"PWY-801","Maize Genotype",0.0213568400754694,0.254570362668431,0.0509671687818227,0.378435942116056
"PWY-801","GXE",0.165045479434271,0.00012747885859078,0.393873849187329,0.00133309328749032
"PWY-8011","Environment",0.0316819479918888,2.34265444377442e-09,0.189057922541455,1.22804411894701e-07
"PWY-8011","Maize Genotype",0.00538517272505112,0.859022693864107,0.0321353209779186,0.895294737082801
"PWY-8011","GXE",0.0252181044599494,0.997185664790596,0.150485773187054,0.999999999999999
"PWY-8020","Environment",0.0116314489382201,4.46278146784863e-05,0.103867536696442,0.000562649410376865
"PWY-8020","Maize Genotype",0.00525350866867617,0.452932285377927,0.0469132441991616,0.558317520094573
"PWY-8020","GXE",0.0290016058657556,0.285043988309433,0.258981093199733,0.411454800516225
"PWY-8073","Environment",0.00361473896271579,0.960574994063111,0.00987389158414888,0.98227175984277
"PWY-8073","Maize Genotype",0.0115911994041846,0.85734409531743,0.031662105459804,0.89508880391631
"PWY-8073","GXE",0.124914034191066,0.0274337537601815,0.341210705299336,0.0825056666885932
"PWY-8131","Environment",0.0249319421537088,0.0202662271242954,0.0552502212070253,0.06532414956569
"PWY-8131","Maize Genotype",0.0329469932237044,0.0622710210590891,0.0730119078767895,0.146971414632352
"PWY-8131","GXE",0.131846974654934,0.0843855777453447,0.292178381862584,0.180535221763796
"PWY-8178","Environment",0.0234834030495111,0.383707403008288,0.0236071785610465,0.496973437446366
"PWY-8178","Maize Genotype",0.03406598886485,0.621567464249576,0.034245542705016,0.697179517007369
"PWY-8178","GXE",0.438380375804601,1.12223600819113e-06,0.440690975982432,2.86601811322657e-05
"PWY-8187","Environment",0.041900043546023,0.000316900178159149,0.0746966943933032,0.00281814801291529
"PWY-8187","Maize Genotype",0.0389254753021718,0.0291497181822189,0.069393826036641,0.0848921617236549
"PWY-8187","GXE",0.202542331407246,0.000165145902104986,0.361079401127978,0.00167842161731189
"PWY-821","Environment",0.0353699605411456,7.10616185827668e-08,0.122721412759121,2.62138415216429e-06
"PWY-821","Maize Genotype",0.0226316089208053,0.00715802974565076,0.078523780555035,0.0308631931890396
"PWY-821","GXE",0.0927761336849442,0.000911413724551726,0.321900788747013,0.00618852670841703
"PWY-841","Environment",46.8444285217641,0.0462000109824649,0.0504568762726304,0.119520028411779
"PWY-841","Maize Genotype",50.3065802413309,0.320964398800295,0.0541860147521424,0.445858495404594
"PWY-841","GXE",268.964742901999,0.142593827009745,0.289706186681322,0.255898111174245
"PWY-I9","Environment",0.0970462494612243,0.981768984593415,0.00911680361279958,0.998817067063372
"PWY-I9","Maize Genotype",0.563622304586024,0.51564887419981,0.0529482993029771,0.610293896343966
"PWY-I9","GXE",2.49123300928189,0.841563850761901,0.234033589401325,0.883242987733249
"PWY0-1061","Environment",0.170405631064741,3.83214395813421e-32,0.351939811844701,3.81681538230168e-29
"PWY0-1061","Maize Genotype",0.0307029913274963,0.000712765313217394,0.0634110793367106,0.0051232499865815
"PWY0-1061","GXE",0.130959594603367,2.08194674386185e-06,0.270471666904343,4.50786729757914e-05
"PWY0-1241","Environment",0.00643516161387371,0.760329179988871,0.0140518466625338,0.810800710138025
"PWY0-1241","Maize Genotype",0.0219231230012433,0.223152719655642,0.0478714259659281,0.345291511494511
"PWY0-1241","GXE",0.207468901057353,1.64516947653217e-07,0.453029987408102,4.9654206018971e-06
"PWY0-1261","Environment",0.00191957449917453,0.00222153484473697,0.0721316438588785,0.0127163718698737
"PWY0-1261","Maize Genotype",0.00160010673872889,0.172807652208866,0.0601270382909428,0.292218033276792
"PWY0-1261","GXE",0.00780481980070433,0.0734999343474021,0.293280871614633,0.165624286447992
"PWY0-1296","Environment",0.0201553954721259,0.0558400891999321,0.0463984135959967,0.136469470360654
"PWY0-1296","Maize Genotype",0.0253512980157122,0.200909016090921,0.058359559957784,0.321501783306578
"PWY0-1296","GXE",0.138360451950394,0.0277886987381268,0.318510519121373,0.083076089622418
"PWY0-1297","Environment",0.00810000183971412,0.0864829033788546,0.0422201094705719,0.183660920608399
"PWY0-1297","Maize Genotype",0.0174405047299295,0.0102377409817243,0.0909061545281869,0.0396762257501845
"PWY0-1297","GXE",0.0563612585017847,0.0702314549507667,0.293775057207707,0.159704404408593
"PWY0-1319","Environment",16.1112932336414,0.276406445345503,0.032694610089459,0.402387323492491
"PWY0-1319","Maize Genotype",31.3048328478993,0.175501201770514,0.0635268248821036,0.294824050035892
"PWY0-1319","GXE",145.266965421719,0.127517924618169,0.294789916890402,0.236274195576448
"PWY0-1337","Environment",0.0127727683997959,0.00489840422366364,0.0665986502577236,0.0237990761305804
"PWY0-1337","Maize Genotype",0.0131547526773978,0.0909752284431441,0.0685903592210179,0.191973151545279
"PWY0-1337","GXE",0.0547804928543014,0.106172078588507,0.285631647764602,0.214592736960382
"PWY0-1415","Environment",0.0101686858320669,0.379344612997972,0.033122498845688,0.493008552308353
"PWY0-1415","Maize Genotype",0.0153698536915613,0.571880475530484,0.0500642825990089,0.656969958048861
"PWY0-1415","GXE",0.0665729606215031,0.917734889707965,0.216848356587645,0.946612839132062
"PWY0-1477","Environment",0.039610238055747,0.00124864989884914,0.079715016590613,0.00792137133282636
"PWY0-1477","Maize Genotype",0.0305393581028119,0.188596280323858,0.0614600052240562,0.307433543703049
"PWY0-1477","GXE",0.129278400303392,0.304069590484633,0.260170863161415,0.429579166131482
"PWY0-1479","Environment",15.2849435173369,0.00607059271720657,0.0638389606888012,0.0276691042265539
"PWY0-1479","Maize Genotype",15.4285134686932,0.117384359562385,0.0644385936851765,0.227904136694221
"PWY0-1479","GXE",72.3413179737947,0.0468851862083346,0.302140112527533,0.12097835612306
"PWY0-1533","Environment",0.0194197176710463,0.127689994014709,0.0392223786535308,0.236274195576448
"PWY0-1533","Maize Genotype",0.0361796875193096,0.0638217412367341,0.0730728132862874,0.148519752971465
"PWY0-1533","GXE",0.151230919299403,0.0536892389197709,0.305444007032423,0.133021099413164
"PWY0-1586","Environment",0.0422271853798715,1.50229199861596e-11,0.174759839445112,1.36025711874682e-09
"PWY0-1586","Maize Genotype",0.0108906810492491,0.263932043964951,0.0450717625267519,0.388870289628834
"PWY0-1586","GXE",0.0733400802164018,0.00284181106675465,0.303522494530726,0.0155817375809352
"PWY0-162","Environment",2.48337699394168,0.155086592379225,0.0368131890844419,0.271469676642721
"PWY0-162","Maize Genotype",3.87890689439847,0.210311088884354,0.057500304340739,0.331964888318251
"PWY0-162","GXE",22.3505498778076,0.014879853353898,0.331321028100135,0.0529297640731515
"PWY0-301","Environment",0.10188381803851,1.62007651881267e-05,0.10099324112123,0.000248231317575348
"PWY0-301","Maize Genotype",0.0601515170826852,0.126928083288317,0.0596257264941057,0.236274195576448
"PWY0-301","GXE",0.307152049169722,0.0181445909233655,0.304467201562398,0.0607597585158192
"PWY0-321","Environment",0.0265628460208285,0.00712332807920344,0.0663517534877862,0.0308471076821158
"PWY0-321","Maize Genotype",0.0269035755715725,0.127863244393279,0.0672028672253444,0.236274195576448
"PWY0-321","GXE",0.105168740070843,0.30161523547431,0.262702660337297,0.42793272725415
"PWY0-42","Environment",0.00810528943510291,7.36771460399679e-05,0.0915309010318484,0.000873600445902477
"PWY0-42","Maize Genotype",0.00357032036657728,0.523330137124526,0.0403186885233085,0.616119168529583
"PWY0-42","GXE",0.0290885745396084,0.00630676061207217,0.328489618866848,0.0284739416842229
"PWY0-781","Environment",0.0617903663077133,0.141124026886609,0.0392751567008201,0.253717564583146
"PWY0-781","Maize Genotype",0.12316680214273,0.0480957413821852,0.0782872111552892,0.122829124145273
"PWY0-781","GXE",0.447699702332718,0.149227929132575,0.284566624455066,0.263998254735426
"PWY0-845","Environment",0.0245190653491238,0.716100242431781,0.0206233628523324,0.771900261322569
"PWY0-845","Maize Genotype",0.10293671798783,0.0493427599229843,0.0865816561791209,0.125051880110159
"PWY0-845","GXE",0.272394690695303,0.785838440367847,0.229115362485008,0.831769486297955
"PWY0-862","Environment",0.0215191019838942,0.000118227454793046,0.0863516125471001,0.00126617790294488
"PWY0-862","Maize Genotype",0.0106039486095438,0.436867589789141,0.0425514067680895,0.543221122883876
"PWY0-862","GXE",0.0855327776319239,0.00191931889109352,0.343224976566266,0.0115159133465611
"PWY1G-0","Environment",0.0134134177376648,0.581191530331491,0.0230503388039549,0.666897193790513
"PWY1G-0","Maize Genotype",0.0400770043258349,0.12754163826898,0.0688704807398989,0.236274195576448
"PWY1G-0","GXE",0.168555643998049,0.172040701757395,0.289655088468917,0.292218033276792
"PWY1ZNC-1","Environment",0.0401253316016201,0.00110500240827916,0.0670953709610795,0.00724067367530291
"PWY1ZNC-1","Maize Genotype",0.0318984499486919,0.154865451547994,0.0533388322778245,0.271469676642721
"PWY1ZNC-1","GXE",0.228251166339597,4.99235397552424e-05,0.381669037153477,0.000613874636990388
"PWY3O-4107","Environment",1.63741960555823,0.114047173780781,0.0506220078985061,0.223604301349719
"PWY3O-4107","Maize Genotype",1.27435077479499,0.827084618663974,0.039397473175574,0.869879915722617
"PWY3O-4107","GXE",5.77966196968322,0.996137767418895,0.178682417681358,0.999999999999999
"PWY490-3","Environment",0.0160940636359705,0.0514193005642469,0.049434832992224,0.128677445633141
"PWY490-3","Maize Genotype",0.0148140490502438,0.515931185463473,0.0455031157637931,0.610293896343966
"PWY490-3","GXE",0.0976640855340954,0.100596612539065,0.299986868880375,0.206642848997085
"PWY4FS-7","Environment",19.2081182247538,0.127443562705688,0.0399629336599174,0.236274195576448
"PWY4FS-7","Maize Genotype",21.7358539898102,0.500056982864005,0.0452219463079429,0.599229751929628
"PWY4FS-7","GXE",154.693145248721,0.0350379797794629,0.321842661987148,0.0965504040951746
"PWY4FS-8","Environment",19.2081182247538,0.127443562705689,0.0399629336599173,0.236274195576448
"PWY4FS-8","Maize Genotype",21.7358539898103,0.500056982864004,0.045221946307943,0.599229751929628
"PWY4FS-8","GXE",154.693145248721,0.0350379797794624,0.321842661987148,0.0965504040951746
"PWY66-389","Environment",0.00299746830932345,0.000933954505608086,0.0764471915129203,0.00628526140260577
"PWY66-389","Maize Genotype",0.00190675671098078,0.349717541127715,0.0486297703296801,0.472981906595597
"PWY66-389","GXE",0.0124188882033329,0.0189859989598733,0.316730329359854,0.0623387911077239
"PWY66-391","Environment",0.0112472604766057,0.0548983961805026,0.0466092786642738,0.13512911437022
"PWY66-391","Maize Genotype",0.0119029020915297,0.371547228578587,0.0493262943142136,0.48781379270947
"PWY66-391","GXE",0.0788036026696867,0.0199478957367695,0.326566552292439,0.0645068316682545
"PWY66-399","Environment",120.559535689168,2.98125933306999e-07,0.120261058823292,8.48381227353631e-06
"PWY66-399","Maize Genotype",52.3728767386926,0.178601459589918,0.0522432138960436,0.298370751765822
"PWY66-399","GXE",325.555767823193,0.0021752620679622,0.324749768822845,0.0125962849981997
"PWY66-409","Environment",141.681797393247,4.61941749399466e-09,0.149046844423021,2.09133628364486e-07
"PWY66-409","Maize Genotype",48.02558700327,0.219963995132704,0.0505221018232356,0.34231896742527
"PWY66-409","GXE",275.969169716459,0.0181791245358575,0.290314879265075,0.0607597585158192
"PYRIDNUCSAL-PWY","Environment",0.551594794374804,5.63950050715232e-06,0.10745195094122,0.000100302544734352
"PYRIDNUCSAL-PWY","Maize Genotype",0.280751688361297,0.186862186928756,0.0546910829328173,0.306151889562045
"PYRIDNUCSAL-PWY","GXE",1.57206127048267,0.0151896481643003,0.306241197769018,0.0532707379283209
"PYRIDNUCSYN-PWY","Environment",0.687760805187908,0.0142112072703961,0.0566342312268287,0.0514507098257889
"PYRIDNUCSYN-PWY","Maize Genotype",0.527860084571152,0.488870644701747,0.0434670743949245,0.590916458887064
"PYRIDNUCSYN-PWY","GXE",4.07446698578298,0.00931031062646366,0.335515347281046,0.0375142012499721
"PYRIDOXSYN-PWY","Environment",0.0178888790203158,0.702843945160314,0.0217703974869063,0.760078794114737
"PYRIDOXSYN-PWY","Maize Genotype",0.0527770366006101,0.275192402049213,0.0642285670148158,0.401893889209701
"PYRIDOXSYN-PWY","GXE",0.18657859524424,0.849261614291786,0.227062309292984,0.889447495094236
"REDCITCYC","Environment",0.0522572499594946,0.00163908546963174,0.0747432981212555,0.0099544459009342
"REDCITCYC","Maize Genotype",0.0391267519890239,0.239052787517768,0.0559628088102385,0.361299812394078
"REDCITCYC","GXE",0.204495778297609,0.0792117702919804,0.292489347098896,0.174160978390315
"RHAMCAT-PWY","Environment",0.0496997326017497,0.00257185513611863,0.0699090406732658,0.0143506950306115
"RHAMCAT-PWY","Maize Genotype",0.0450405833452551,0.123627761661159,0.0633553503851287,0.235755162301889
"RHAMCAT-PWY","GXE",0.214144645492414,0.044546316641829,0.301221876818795,0.116451788386514
"RIBOSYN2-PWY","Environment",2.26141175731762,0.246829332141311,0.0330305591724082,0.368777432670485
"RIBOSYN2-PWY","Maize Genotype",3.57051425243001,0.336990711858724,0.0521515296403635,0.462317836103704
"RIBOSYN2-PWY","GXE",22.1245027810771,0.0322580674358622,0.323154196004225,0.0917972433317679
"RUMP-PWY","Environment",0.0336922342390291,0.000408453606890234,0.0918475866500341,0.00336214704514606
"RUMP-PWY","Maize Genotype",0.0193656576521506,0.378454671096717,0.0527922519658954,0.493008552308353
"RUMP-PWY","GXE",0.0856321121457615,0.626605026591488,0.233439634324468,0.698908853559497
"SALVADEHYPOX-PWY","Environment",0.0168094116928873,0.00163561329749219,0.0678923414222602,0.0099544459009342
"SALVADEHYPOX-PWY","Maize Genotype",0.0116170163161961,0.319701425158856,0.0469205259801497,0.444848436869313
"SALVADEHYPOX-PWY","GXE",0.0894701545765717,0.00057877273620244,0.361365310850545,0.00427005663153801
"SER-GLYSYN-PWY","Environment",0.0239908955058477,0.366053065833945,0.0241129605376425,0.482899143802131
"SER-GLYSYN-PWY","Maize Genotype",0.0341507740499391,0.619463197074481,0.0343245322708111,0.6963717204133
"SER-GLYSYN-PWY","GXE",0.437728101671871,1.1913994144097e-06,0.439955250493182,2.96658454188015e-05
"SO4ASSIM-PWY","Environment",0.0224552662472122,0.0265326905290607,0.0496724548852108,0.0810630667697684
"SO4ASSIM-PWY","Maize Genotype",0.0520441230833645,0.000370271582779401,0.115124858794303,0.00318097684614232
"SO4ASSIM-PWY","GXE",0.132060990503735,0.0393474848229405,0.292127179463189,0.105919175361213
"SULFATE-CYS-PWY","Environment",0.0190468846451075,0.0128418639800243,0.05323535548968,0.0475483142160009
"SULFATE-CYS-PWY","Maize Genotype",0.0219354710662469,0.0966015726717686,0.0613088503344928,0.20044826329392
"SULFATE-CYS-PWY","GXE",0.129637764467846,0.000531218116907413,0.362332875161602,0.00397568430682524
"THISYNARA-PWY","Environment",0.0163538193064753,0.196566372458991,0.0346633686570034,0.3178248489759
"THISYNARA-PWY","Maize Genotype",0.0319722496818188,0.0963987555231395,0.0677680153330193,0.20044501148444
"THISYNARA-PWY","GXE",0.150758256214819,0.0274094064516612,0.319545478357589,0.0825056666885932
"THRESYN-PWY","Environment",7.47374836685818,0.000596824953772632,0.0845362809090343,0.00434291582867621
"THRESYN-PWY","Maize Genotype",4.06907623094083,0.478284456851577,0.0460257095120388,0.583073829894945
"THRESYN-PWY","GXE",24.5209397057891,0.171811531658944,0.277358688755733,0.292218033276792
"TRNA-CHARGING-PWY","Environment",5.10556870613588,0.00257909077357375,0.0720104777569306,0.0143506950306115
"TRNA-CHARGING-PWY","Maize Genotype",3.47820857767246,0.387639890212001,0.0490577006858092,0.500376671790862
"TRNA-CHARGING-PWY","GXE",21.0037285537113,0.0769804300719685,0.296242909435716,0.170762824836705
"TYRFUMCAT-PWY","Environment",0.0410805914352508,0.000233056522192326,0.079718155616916,0.00225363394275298
"TYRFUMCAT-PWY","Maize Genotype",0.0462489740014213,0.00398014939314493,0.0897475615067297,0.0201676705781325
"TYRFUMCAT-PWY","GXE",0.162790806866974,0.00546529729775077,0.315900585201628,0.0255560380683557
"UDPNAGSYN-PWY","Environment",47.9970964172479,1.26594946967133e-11,0.196786305192035,1.26088567179264e-09
"UDPNAGSYN-PWY","Maize Genotype",10.5083298411655,0.434636226949031,0.0430837604259549,0.542779080301543
"UDPNAGSYN-PWY","GXE",55.2930932281656,0.350439233617514,0.226699620002416,0.472981906595597
"URDEGR-PWY","Environment",0.0278700798533768,0.106865459369829,0.0377230124324564,0.214592736960382
"URDEGR-PWY","Maize Genotype",0.0369283832812553,0.279267960439079,0.0499837054274004,0.40428908226355
"URDEGR-PWY","GXE",0.277456069045272,0.000426882271767522,0.375545344581679,0.00345670522504433
"URSIN-PWY","Environment",0.0187410610886017,3.79976791009951e-06,0.113100836003347,7.16855619688461e-05
"URSIN-PWY","Maize Genotype",0.0130794406102233,0.0229634849037648,0.0789333997941073,0.0723785790004738
"URSIN-PWY","GXE",0.0433899877996873,0.13945340262128,0.261855178376446,0.251167430399268
"VALSYN-PWY","Environment",0.00758877957741331,0.651777076632486,0.0177487693275964,0.718903619408589
"VALSYN-PWY","Maize Genotype",0.0248974245320021,0.125671571569962,0.0582305284218531,0.236274195576448
"VALSYN-PWY","GXE",0.172146966765114,4.14799947220984e-05,0.402620312316525,0.000529667624912949
