SampleID	location	pedigree	rep_number	plot_number	Batch	Month	day	year
B11	NA	NA	NA	NA	3166			
B12	NA	NA	NA	NA	3167			
B14	NA	NA	NA	NA	3167			
B15	NA	NA	NA	NA	3167			
B18	NA	NA	NA	NA	3167			
B19	NA	NA	NA	NA	3167			
B3	NA	NA	NA	NA	3165			
B4	NA	NA	NA	NA	3165			
B5	NA	NA	NA	NA	3166			
B6	NA	NA	NA	NA	3166			
B7	NA	NA	NA	NA	3166			
B8	NA	NA	NA	NA	3166			
DEH1-1-106	DEH1	B73_MO17	1	106	3166	7	9	2019
DEH1-1-112	DEH1	B14A_OH43	1	112	3166	7	9	2019
DEH1-1-116	DEH1	B73_PHM49	1	116	3166	7	9	2019
DEH1-1-136	DEH1	B37_H95	1	136	3166	7	9	2019
DEH1-1-13	DEH1	PHW52_PHN82	1	13	3166	7	9	2019
DEH1-1-154	DEH1	B37_OH43	1	154	3166	7	9	2019
DEH1-1-173	DEH1	CG44_CGR01	1	173	3166	7	9	2019
DEH1-1-187	DEH1	F42_OH43	1	187	3166	7	9	2019
DEH1-1-190	DEH1	PHW52_PHM49	1	190	3166	7	9	2019
DEH1-1-198	DEH1	2369_LH123HT	1	198	3166	7	9	2019
DEH1-1-255	DEH1	B37_OH43	1	255	3166	7	9	2019
DEH1-1-302	DEH1	PHW52_PHN82	1	302	3166	7	9	2019
DEH1-1-304	DEH1	B37_H95	1	304	3166	7	9	2019
DEH1-1-31	DEH1	B14A_MO17	1	31	3166	7	9	2019
DEH1-1-331	DEH1	B14A_OH43	1	331	3166	7	9	2019
DEH1-1-345	DEH1	B14A_MO17	1	345	3166	7	9	2019
DEH1-1-35	DEH1	B73_PHN82	1	35	3166	7	9	2019
DEH1-1-360	DEH1	B37_MO17	1	360	3166	7	9	2019
DEH1-1-361	DEH1	2369_LH123HT	1	361	3166	7	9	2019
DEH1-1-363	DEH1	PHG39_PHN82	1	363	3166	7	9	2019
DEH1-1-369	DEH1	B73_PHM49	1	369	3166	7	9	2019
DEH1-1-391	DEH1	B73_MO17	1	391	3166	7	9	2019
DEH1-1-399	DEH1	CG44_CGR01	1	399	3166	7	9	2019
DEH1-1-39	DEH1	F42_MO17	1	39	3166	7	9	2019
DEH1-1-40	DEH1	CG119_CG108	1	40	3166	7	9	2019
DEH1-1-414	DEH1	B14A_H95	1	414	3166	7	9	2019
DEH1-1-422	DEH1	B73_PHN82	1	422	3166	7	9	2019
DEH1-1-439	DEH1	F42_MO17	1	439	3166	7	9	2019
DEH1-1-469	DEH1	F42_H95	1	469	3166	7	9	2019
DEH1-1-477	DEH1	LH74_PHN82	1	477	3166	7	9	2019
DEH1-1-495	DEH1	PHW52_PHM49	1	495	3166	7	9	2019
DEH1-1-500	DEH1	F42_OH43	1	500	3166	7	9	2019
DEH1-1-6	DEH1	F42_H95	1	6	3166	7	9	2019
DEH1-1-75	DEH1	PHG39_PHN82	1	75	3166	7	9	2019
DEH1-1-86	DEH1	B37_MO17	1	86	3166	7	9	2019
DEH1-1-91	DEH1	LH74_PHN82	1	91	3166	7	9	2019
DEH1-1-94	DEH1	B14A_H95	1	94	3166	7	9	2019
DEH1-2-505	DEH1	F42_MO17	2	505	3166	7	9	2019
DEH1-2-514	DEH1	B73_PHM49	2	514	3166	7	9	2019
DEH1-2-522	DEH1	F42_H95	2	522	3166	7	9	2019
DEH1-2-530	DEH1	B37_H95	2	530	3166	7	9	2019
DEH1-2-566	DEH1	PHW52_PHN82	2	566	3166	7	9	2019
DEH1-2-580	DEH1	B73_PHN82	2	580	3166	7	9	2019
DEH1-2-585	DEH1	CG44_CGR01	2	585	3166	7	9	2019
DEH1-2-596	DEH1	F42_OH43	2	596	3166	7	9	2019
DEH1-2-610	DEH1	2369_LH123HT	2	610	3166	7	9	2019
DEH1-2-614	DEH1	PHW52_PHM49	2	614	3166	7	9	2019
DEH1-2-617	DEH1	B14A_MO17	2	617	3166	7	9	2019
DEH1-2-620	DEH1	B14A_H95	2	620	3166	7	9	2019
DEH1-2-629	DEH1	B14A_OH43	2	629	3166	7	9	2019
DEH1-2-637	DEH1	B37_MO17	2	637	3166	7	9	2019
DEH1-2-655	DEH1	B37_OH43	2	655	3166	7	9	2019
DEH1-2-689	DEH1	LH74_PHN82	2	689	3166	7	9	2019
DEH1-2-713	DEH1	B73_MO17	2	713	3166	7	9	2019
DEH1-2-719	DEH1	CG119_CG108	2	719	3166	7	9	2019
DEH1-2-720	DEH1	PHG39_PHN82	2	720	3166	7	9	2019
DEH1-2-751	DEH1	B14A_MO17	2	751	3166	7	9	2019
DEH1-2-756	DEH1	B73_PHN82	2	756	3166	7	9	2019
DEH1-2-780	DEH1	F42_H95	2	780	3166	7	9	2019
DEH1-2-791	DEH1	PHW52_PHN82	2	791	3166	7	9	2019
DEH1-2-809	DEH1	F42_MO17	2	809	3166	7	9	2019
DEH1-2-827	DEH1	B14A_H95	2	827	3166	7	9	2019
DEH1-2-839	DEH1	B73_PHM49	2	839	3166	7	9	2019
DEH1-2-846	DEH1	B73_MO17	2	846	3166	7	9	2019
DEH1-2-860	DEH1	CG44_CGR01	2	860	3166	7	9	2019
DEH1-2-866	DEH1	B37_OH43	2	866	3166	7	9	2019
DEH1-2-900	DEH1	LH74_PHN82	2	900	3166	7	9	2019
DEH1-2-902	DEH1	PHG39_PHN82	2	902	3166	7	9	2019
DEH1-2-917	DEH1	F42_OH43	2	917	3166	7	9	2019
DEH1-2-923	DEH1	B37_MO17	2	923	3166	7	9	2019
DEH1-2-937	DEH1	2369_LH123HT	2	937	3166	7	9	2019
DEH1-2-968	DEH1	B14A_OH43	2	968	3166	7	9	2019
DEH1-2-985	DEH1	CG119_CG108	2	985	3166	7	9	2019
DEH1-2-987	DEH1	B37_H95	2	987	3166	7	9	2019
DEH1-2-994	DEH1	PHW52_PHM49	2	994	3166	7	9	2019
GAH1-1-105	GAH1	F42_MO17	1	105	3165	5	23	2019
GAH1-1-109	GAH1	TX779_LH195	1	109	3165	5	23	2019
GAH1-1-145	GAH1	B14A_OH43	1	145	3165	5	23	2019
GAH1-1-146	GAH1	LH74_PHN82	1	146	3165	5	23	2019
GAH1-1-152	GAH1	B14A_H95	1	152	3165	5	23	2019
GAH1-1-162	GAH1	PHG39_PHN82	1	162	3165	5	23	2019
GAH1-1-170	GAH1	CG119_CG108	1	170	3165	5	23	2019
GAH1-1-172	GAH1	B73_PHN82	1	172	3165	5	23	2019
GAH1-1-17	GAH1	TX777_LH195	1	17	3165	5	23	2019
GAH1-1-184	GAH1	B73_TX779	1	184	3165	5	23	2019
GAH1-1-195	GAH1	F42_OH43	1	195	3165	5	23	2019
GAH1-1-206	GAH1	B73_PHM49	1	206	3165	5	23	2019
GAH1-1-20	GAH1	B37_OH43	1	20	3165	5	23	2019
GAH1-1-210	GAH1	PHW52_PHM49	1	210	3165	5	23	2019
GAH1-1-216	GAH1	B37_MO17	1	216	3165	5	23	2019
GAH1-1-22	GAH1	B14A_MO17	1	22	3165	5	23	2019
GAH1-1-243	GAH1	2369_LH123HT	1	243	3165	5	23	2019
GAH1-1-48	GAH1	B37_H95	1	48	3165	5	23	2019
GAH1-1-51	GAH1	B73_MO17	1	51	3165	5	23	2019
GAH1-1-68	GAH1	PHW52_PHN82	1	68	3165	5	23	2019
GAH1-1-70	GAH1	CG44_CGR01	1	70	3165	5	23	2019
GAH1-1-71	GAH1	LH132_TX779	1	71	3165	5	23	2019
GAH1-1-94	GAH1	TX714_TX779	1	94	3165	5	23	2019
GAH1-2-277	GAH1	B73_PHM49	2	277	3165	5	23	2019
GAH1-2-285	GAH1	TX779_LH195	2	285	3165	5	23	2019
GAH1-2-302	GAH1	CG119_CG108	2	302	3165	5	23	2019
GAH1-2-309	GAH1	B73_MO17	2	309	3165	5	23	2019
GAH1-2-310	GAH1	CG44_CGR01	2	310	3165	5	23	2019
GAH1-2-313	GAH1	TX714_TX779	2	313	3165	5	23	2019
GAH1-2-337	GAH1	PHW52_PHM49	2	337	3165	5	23	2019
GAH1-2-347	GAH1	B37_H95	2	347	3165	5	23	2019
GAH1-2-370	GAH1	TX110_87916	2	370	3165	5	23	2019
GAH1-2-377	GAH1	TX777_LH195	2	377	3165	5	23	2019
GAH1-2-382	GAH1	F42_H95	2	382	3165	5	23	2019
GAH1-2-386	GAH1	PHG39_PHN82	2	386	3165	5	23	2019
GAH1-2-395	GAH1	B14A_OH43	2	395	3165	5	23	2019
GAH1-2-423	GAH1	PHW52_PHN82	2	423	3165	5	23	2019
GAH1-2-435	GAH1	B37_OH43	2	435	3165	5	23	2019
GAH1-2-445	GAH1	2369_LH123HT	2	445	3165	5	23	2019
GAH1-2-450	GAH1	F42_MO17	2	450	3165	5	23	2019
GAH1-2-462	GAH1	B14A_MO17	2	462	3165	5	23	2019
GAH1-2-463	GAH1	B14A_H95	2	463	3165	5	23	2019
GAH1-2-465	GAH1	B37_MO17	2	465	3165	5	23	2019
GAH1-2-495	GAH1	LH74_PHN82	2	495	3165	5	23	2019
GAH1-2-501	GAH1	B73_TX779	2	501	3165	5	23	2019
GAH2-1-106	GAH2	TX777_LH195	1	106	3165	6	13	2019
GAH2-1-108	GAH2	B14A_OH43	1	108	3165	6	13	2019
GAH2-1-132	GAH2	B37_MO17	1	132	3165	6	13	2019
GAH2-1-135	GAH2	B73_MO17	1	135	3165	6	13	2019
GAH2-1-153	GAH2	PHW52_PHM49	1	153	3165	6	13	2019
GAH2-1-170	GAH2	B37_OH43	1	170	3165	6	13	2019
GAH2-1-184	GAH2	B14A_H95	1	184	3165	6	13	2019
GAH2-1-191	GAH2	B73_TX779	1	191	3165	6	13	2019
GAH2-1-206	GAH2	F42_OH43	1	206	3165	6	13	2019
GAH2-1-217	GAH2	LH74_PHN82	1	217	3165	6	13	2019
GAH2-1-220	GAH2	B73_PHN82	1	220	3165	6	13	2019
GAH2-1-226	GAH2	2369_LH123HT	1	226	3165	6	13	2019
GAH2-1-242	GAH2	TX779_LH195	1	242	3165	6	13	2019
GAH2-1-245	GAH2	TX714_TX779	1	245	3165	6	13	2019
GAH2-1-38	GAH2	TX110_87916	1	38	3165	6	13	2019
GAH2-1-46	GAH2	B37_H95	1	46	3165	6	13	2019
GAH2-1-49	GAH2	PHW52_PHN82	1	49	3165	6	13	2019
GAH2-1-50	GAH2	LH132_TX779	1	50	3165	6	13	2019
GAH2-1-52	GAH2	CG44_CGR01	1	52	3165	6	13	2019
GAH2-1-6	GAH2	B14A_MO17	1	6	3165	6	13	2019
GAH2-1-73	GAH2	PHG39_PHN82	1	73	3165	6	13	2019
GAH2-1-83	GAH2	F42_MO17	1	83	3165	6	13	2019
GAH2-1-86	GAH2	F42_H95	1	86	3165	6	13	2019
GAH2-1-98	GAH2	B73_PHM49	1	98	3165	6	13	2019
GAH2-2-268	GAH2	B73_MO17	2	268	3165	6	13	2019
GAH2-2-282	GAH2	B73_TX779	2	282	3165	6	13	2019
GAH2-2-284	GAH2	TX779_LH195	2	284	3165	6	13	2019
GAH2-2-293	GAH2	B14A_H95	2	293	3165	6	13	2019
GAH2-2-299	GAH2	B37_H95	2	299	3165	6	13	2019
GAH2-2-307	GAH2	B37_OH43	2	307	3165	6	13	2019
GAH2-2-353	GAH2	PHW52_PHM49	2	353	3165	6	13	2019
GAH2-2-360	GAH2	PHW52_PHN82	2	360	3165	6	13	2019
GAH2-2-376	GAH2	CG44_CGR01	2	376	3165	6	13	2019
GAH2-2-379	GAH2	F42_OH43	2	379	3165	6	13	2019
GAH2-2-383	GAH2	2369_LH123HT	2	383	3165	6	13	2019
GAH2-2-386	GAH2	TX777_LH195	2	386	3165	6	13	2019
GAH2-2-398	GAH2	F42_H95	2	398	3165	6	13	2019
GAH2-2-408	GAH2	B73_PHN82	2	408	3165	6	13	2019
GAH2-2-410	GAH2	F42_MO17	2	410	3165	6	13	2019
GAH2-2-412	GAH2	LH74_PHN82	2	412	3165	6	13	2019
GAH2-2-433	GAH2	PHG39_PHN82	2	433	3165	6	13	2019
GAH2-2-437	GAH2	LH132_TX779	2	437	3165	6	13	2019
GAH2-2-441	GAH2	B14A_OH43	2	441	3165	6	13	2019
GAH2-2-455	GAH2	TX110_87916	2	455	3165	6	13	2019
GAH2-2-458	GAH2	B14A_MO17	2	458	3165	6	13	2019
GAH2-2-461	GAH2	B73_PHM49	2	461	3165	6	13	2019
GAH2-2-472	GAH2	B37_MO17	2	472	3165	6	13	2019
GAH2-2-487	GAH2	CG119_CG108	2	487	3165	6	13	2019
GAH2-2-494	GAH2	TX714_TX779	2	494	3165	6	13	2019
IAH2-1-148	IAH2	F42_OH43	1	148	3166	7	16	2019
IAH2-1-160	IAH2	F42_H95	1	160	3166	7	16	2019
IAH2-1-207	IAH2	B73_PHN82	1	207	3166	7	16	2019
IAH2-1-230	IAH2	B73_PHM49	1	230	3166	7	16	2019
IAH2-1-238	IAH2	PHG39_PHN82	1	238	3166	7	16	2019
IAH2-1-254	IAH2	F42_MO17	1	254	3166	7	16	2019
IAH2-1-27	IAH2	CG119_CG108	1	27	3166	7	16	2019
IAH2-1-321	IAH2	LH74_PHN82	1	321	3166	7	16	2019
IAH2-1-345	IAH2	2369_LH123HT	1	345	3166	7	16	2019
IAH2-1-349	IAH2	B37_H95	1	349	3166	7	16	2019
IAH2-1-378	IAH2	B73_MO17	1	378	3166	7	16	2019
IAH2-1-379	IAH2	B14A_H95	1	379	3166	7	16	2019
IAH2-1-424	IAH2	CG44_CGR01	1	424	3166	7	16	2019
IAH2-1-431	IAH2	PHW52_PHN82	1	431	3166	7	16	2019
IAH2-1-44	IAH2	B37_OH43	1	44	3166	7	16	2019
IAH2-1-452	IAH2	PHW52_PHM49	1	452	3166	7	16	2019
IAH2-1-5	IAH2	B37_MO17	1	5	3166	7	16	2019
IAH2-1-85	IAH2	B14A_OH43	1	85	3166	7	16	2019
IAH2-1-94	IAH2	B14A_MO17	1	94	3166	7	16	2019
IAH2-2-542	IAH2	F42_H95	2	542	3166	7	16	2019
IAH2-2-562	IAH2	B14A_OH43	2	562	3166	7	16	2019
IAH2-2-570	IAH2	B37_MO17	2	570	3166	7	16	2019
IAH2-2-605	IAH2	B14A_MO17	2	605	3166	7	16	2019
IAH2-2-625	IAH2	B37_OH43	2	625	3166	7	16	2019
IAH2-2-633	IAH2	CG44_CGR01	2	633	3166	7	16	2019
IAH2-2-638	IAH2	B14A_H95	2	638	3166	7	16	2019
IAH2-2-640	IAH2	PHG39_PHN82	2	640	3166	7	16	2019
IAH2-2-693	IAH2	PHW52_PHM49	2	693	3166	7	16	2019
IAH2-2-710	IAH2	F42_MO17	2	710	3166	7	16	2019
IAH2-2-739	IAH2	CG119_CG108	2	739	3166	7	16	2019
IAH2-2-742	IAH2	PHW52_PHN82	2	742	3166	7	16	2019
IAH2-2-777	IAH2	F42_OH43	2	777	3166	7	16	2019
IAH2-2-788	IAH2	B37_H95	2	788	3166	7	16	2019
IAH2-2-804	IAH2	2369_LH123HT	2	804	3166	7	16	2019
IAH2-2-843	IAH2	B73_MO17	2	843	3166	7	16	2019
IAH2-2-871	IAH2	B73_PHN82	2	871	3166	7	16	2019
IAH2-2-907	IAH2	B73_PHM49	2	907	3166	7	16	2019
IAH2-2-921	IAH2	LH74_PHN82	2	921	3166	7	16	2019
IAH4-1-102	IAH4	B73_PHN82	1	102	3167	8	7	2019
IAH4-1-108	IAH4	F42_H95	1	108	3167	8	7	2019
IAH4-1-125	IAH4	CG119_CG108	1	125	3167	8	7	2019
IAH4-1-16	IAH4	B37_MO17	1	16	3167	8	7	2019
IAH4-1-176	IAH4	B14A_OH43	1	176	3167	8	7	2019
IAH4-1-214	IAH4	PHW52_PHN82	1	214	3167	8	7	2019
IAH4-1-249	IAH4	B14A_H95	1	249	3167	8	7	2019
IAH4-1-260	IAH4	PHW52_PHM49	1	260	3167	8	7	2019
IAH4-1-281	IAH4	2369_LH123HT	1	281	3167	8	7	2019
IAH4-1-337	IAH4	B73_MO17	1	337	3167	8	7	2019
IAH4-1-353	IAH4	F42_OH43	1	353	3167	8	7	2019
IAH4-1-356	IAH4	F42_MO17	1	356	3167	8	7	2019
IAH4-1-366	IAH4	LH74_PHN82	1	366	3167	8	7	2019
IAH4-1-369	IAH4	B37_H95	1	369	3167	8	7	2019
IAH4-1-441	IAH4	B14A_H95	1	441	3167	8	7	2019
IAH4-1-448	IAH4	B73_PHN82	1	448	3167	8	7	2019
IAH4-1-459	IAH4	PHG39_PHN82	1	459	3167	8	7	2019
IAH4-1-462	IAH4	B73_PHM49	1	462	3167	8	7	2019
IAH4-1-465	IAH4	CG44_CGR01	1	465	3167	8	7	2019
IAH4-1-49	IAH4	B14A_MO17	1	49	3167	8	7	2019
IAH4-1-513	IAH4	PHW52_PHM49	1	513	3167	8	7	2019
IAH4-1-543	IAH4	B14A_MO17	1	543	3167	8	7	2019
IAH4-1-554	IAH4	F42_H95	1	554	3167	8	7	2019
IAH4-1-563	IAH4	CG119_CG108	1	563	3167	8	7	2019
IAH4-1-57	IAH4	PHG39_PHN82	1	57	3167	8	7	2019
IAH4-1-582	IAH4	B14A_OH43	1	582	3167	8	7	2019
IAH4-1-588	IAH4	B37_OH43	1	588	3167	8	7	2019
IAH4-1-65	IAH4	B73_PHM49	1	65	3167	8	7	2019
IAH4-1-663	IAH4	PHW52_PHN82	1	663	3167	8	7	2019
IAH4-1-672	IAH4	LH74_PHN82	1	672	3167	8	7	2019
IAH4-1-716	IAH4	B73_MO17	1	716	3167	8	7	2019
IAH4-1-723	IAH4	F42_OH43	1	723	3167	8	7	2019
IAH4-1-752	IAH4	B37_MO17	1	752	3167	8	7	2019
IAH4-1-755	IAH4	F42_MO17	1	755	3167	8	7	2019
IAH4-1-764	IAH4	B37_H95	1	764	3167	8	7	2019
IAH4-1-787	IAH4	2369_LH123HT	1	787	3167	8	7	2019
IAH4-1-82	IAH4	CG44_CGR01	1	82	3167	8	7	2019
IAH4-2-1016	IAH4	PHW52_PHM49	2	1016	3166	8	7	2019
IAH4-2-1023	IAH4	B14A_H95	2	1023	3166	8	7	2019
IAH4-2-1032	IAH4	B14A_MO17	2	1032	3166	8	7	2019
IAH4-2-1044	IAH4	F42_OH43	2	1044	3166	8	7	2019
IAH4-2-1061	IAH4	B73_PHN82	2	1061	3166	8	7	2019
IAH4-2-1067	IAH4	F42_H95	2	1067	3166	8	7	2019
IAH4-2-1068	IAH4	F42_MO17	2	1068	3166	8	7	2019
IAH4-2-1082	IAH4	CG119_CG108	2	1082	3166	8	7	2019
IAH4-2-1088	IAH4	PHG39_PHN82	2	1088	3166	8	7	2019
IAH4-2-1153	IAH4	2369_LH123HT	2	1153	3166	8	7	2019
IAH4-2-1174	IAH4	B37_OH43	2	1174	3166	8	7	2019
IAH4-2-1187	IAH4	PHW52_PHN82	2	1187	3166	8	7	2019
IAH4-2-1218	IAH4	F42_MO17	2	1218	3166	8	7	2019
IAH4-2-1220	IAH4	PHW52_PHN82	2	1220	3166	8	7	2019
IAH4-2-1290	IAH4	LH74_PHN82	2	1290	3166	8	7	2019
IAH4-2-1336	IAH4	F42_H95	2	1336	3166	8	7	2019
IAH4-2-1378	IAH4	CG119_CG108	2	1378	3166	8	7	2019
IAH4-2-1390	IAH4	CG44_CGR01	2	1390	3166	8	7	2019
IAH4-2-1401	IAH4	F42_OH43	2	1401	3166	8	7	2019
IAH4-2-1405	IAH4	2369_LH123HT	2	1405	3166	8	7	2019
IAH4-2-1409	IAH4	B14A_OH43	2	1409	3166	8	7	2019
IAH4-2-1414	IAH4	B73_MO17	2	1414	3166	8	7	2019
IAH4-2-1444	IAH4	B14A_MO17	2	1444	3166	8	7	2019
IAH4-2-1460	IAH4	PHG39_PHN82	2	1460	3166	8	7	2019
IAH4-2-1494	IAH4	B73_PHM49	2	1494	3166	8	7	2019
IAH4-2-1498	IAH4	B37_OH43	2	1498	3166	8	7	2019
IAH4-2-1516	IAH4	B73_PHN82	2	1516	3166	8	7	2019
IAH4-2-1526	IAH4	PHW52_PHM49	2	1526	3166	8	7	2019
IAH4-2-1534	IAH4	B14A_H95	2	1534	3166	8	7	2019
IAH4-2-1536	IAH4	B37_H95	2	1536	3166	8	7	2019
IAH4-2-1570	IAH4	B37_MO17	2	1570	3166	8	7	2019
IAH4-2-802	IAH4	B14A_OH43	2	802	3166	8	7	2019
IAH4-2-821	IAH4	LH74_PHN82	2	821	3166	8	7	2019
IAH4-2-848	IAH4	B37_MO17	2	848	3166	8	7	2019
IAH4-2-854	IAH4	B73_PHM49	2	854	3166	8	7	2019
IAH4-2-941	IAH4	CG44_CGR01	2	941	3166	8	7	2019
IAH4-2-942	IAH4	B73_MO17	2	942	3166	8	7	2019
INH1-1-102	INH1	B73_PHN82	1	102	3167	8	15	2019
INH1-1-127	INH1	B73_PHM49	1	127	3167	8	15	2019
INH1-1-132	INH1	B73_MO17	1	132	3167	8	15	2019
INH1-1-145	INH1	LH74_PHN82	1	145	3167	8	15	2019
INH1-1-151	INH1	PHW52_PHN82	1	151	3167	8	15	2019
INH1-1-172	INH1	B14A_OH43	1	172	3167	8	15	2019
INH1-1-17	INH1	F42_MO17	1	17	3167	8	15	2019
INH1-1-206	INH1	CG44_CGR01	1	206	3167	8	15	2019
INH1-1-219	INH1	PHW52_PHM49	1	219	3167	8	15	2019
INH1-1-230	INH1	F42_OH43	1	230	3167	8	15	2019
INH1-1-26	INH1	F42_H95	1	26	3167	8	15	2019
INH1-1-48	INH1	B14A_MO17	1	48	3167	8	15	2019
INH1-1-55	INH1	2369_LH123HT	1	55	3167	8	15	2019
INH1-1-58	INH1	B14A_H95	1	58	3167	8	15	2019
INH1-1-66	INH1	B37_OH43	1	66	3167	8	15	2019
INH1-1-6	INH1	B37_MO17	1	6	3167	8	15	2019
INH1-1-88	INH1	CG119_CG108	1	88	3167	8	15	2019
INH1-1-97	INH1	B37_H95	1	97	3167	8	15	2019
INH1-2-252	INH1	LH74_PHN82	2	252	3167	8	15	2019
INH1-2-260	INH1	B37_OH43	2	260	3167	8	15	2019
INH1-2-265	INH1	F42_MO17	2	265	3167	8	15	2019
INH1-2-301	INH1	B37_H95	2	301	3167	8	15	2019
INH1-2-306	INH1	PHW52_PHN82	2	306	3167	8	15	2019
INH1-2-319	INH1	PHG39_PHN82	2	319	3167	8	15	2019
INH1-2-337	INH1	B73_PHM49	2	337	3167	8	15	2019
INH1-2-372	INH1	B14A_MO17	2	372	3167	8	15	2019
INH1-2-394	INH1	CG44_CGR01	2	394	3167	8	15	2019
INH1-2-395	INH1	PHW52_PHM49	2	395	3167	8	15	2019
INH1-2-400	INH1	F42_OH43	2	400	3167	8	15	2019
INH1-2-419	INH1	B73_MO17	2	419	3167	8	15	2019
INH1-2-428	INH1	B14A_H95	2	428	3167	8	15	2019
INH1-2-430	INH1	F42_H95	2	430	3167	8	15	2019
INH1-2-445	INH1	B14A_OH43	2	445	3167	8	15	2019
INH1-2-449	INH1	CG119_CG108	2	449	3167	8	15	2019
INH1-2-464	INH1	B37_MO17	2	464	3167	8	15	2019
INH1-2-478	INH1	B73_PHN82	2	478	3167	8	15	2019
MIH1-1-106	MIH1	B73_PHM49	1	106	3167	8	13	2019
MIH1-1-107	MIH1	CG119_CG108	1	107	3167	8	13	2019
MIH1-1-113	MIH1	B37_MO17	1	113	3167	8	13	2019
MIH1-1-115	MIH1	CG44_CGR01	1	115	3167	8	13	2019
MIH1-1-124	MIH1	B14A_MO17	1	124	3167	8	13	2019
MIH1-1-144	MIH1	B37_OH43	1	144	3167	8	13	2019
MIH1-1-166	MIH1	2369_LH123HT	1	166	3167	8	13	2019
MIH1-1-169	MIH1	PHW52_PHM49	1	169	3167	8	13	2019
MIH1-1-178	MIH1	LH74_PHN82	1	178	3167	8	13	2019
MIH1-1-181	MIH1	F42_H95	1	181	3167	8	13	2019
MIH1-1-212	MIH1	B37_H95	1	212	3167	8	13	2019
MIH1-1-217	MIH1	B14A_OH43	1	217	3167	8	13	2019
MIH1-1-230	MIH1	F42_MO17	1	230	3167	8	13	2019
MIH1-1-240	MIH1	B73_MO17	1	240	3167	8	13	2019
MIH1-1-24	MIH1	B73_PHN82	1	24	3167	8	13	2019
MIH1-1-28	MIH1	B14A_H95	1	28	3167	8	13	2019
MIH1-1-6	MIH1	PHW52_PHN82	1	6	3167	8	13	2019
MIH1-1-8	MIH1	F42_OH43	1	8	3167	8	13	2019
MIH1-1-92	MIH1	PHG39_PHN82	1	92	3167	8	13	2019
MIH1-2-270	MIH1	2369_LH123HT	2	270	3167	8	13	2019
MIH1-2-293	MIH1	LH74_PHN82	2	293	3167	8	13	2019
MIH1-2-296	MIH1	F42_MO17	2	296	3167	8	13	2019
MIH1-2-303	MIH1	F42_H95	2	303	3167	8	13	2019
MIH1-2-308	MIH1	B73_PHM49	2	308	3167	8	13	2019
MIH1-2-313	MIH1	B37_MO17	2	313	3167	8	13	2019
MIH1-2-338	MIH1	B14A_MO17	2	338	3167	8	13	2019
MIH1-2-359	MIH1	F42_OH43	2	359	3167	8	13	2019
MIH1-2-367	MIH1	CG44_CGR01	2	367	3167	8	13	2019
MIH1-2-371	MIH1	B73_MO17	2	371	3167	8	13	2019
MIH1-2-429	MIH1	CG119_CG108	2	429	3167	8	13	2019
MIH1-2-432	MIH1	B37_H95	2	432	3167	8	13	2019
MIH1-2-440	MIH1	B73_PHN82	2	440	3167	8	13	2019
MIH1-2-444	MIH1	PHW52_PHM49	2	444	3167	8	13	2019
MIH1-2-454	MIH1	B37_OH43	2	454	3167	8	13	2019
MIH1-2-469	MIH1	B14A_OH43	2	469	3167	8	13	2019
MIH1-2-471	MIH1	B14A_H95	2	471	3167	8	13	2019
MIH1-2-474	MIH1	PHW52_PHN82	2	474	3167	8	13	2019
MNH1-1-140	MNH1	B37_OH43	1	140	3166	8	2	2019
MNH1-1-175	MNH1	F42_H95	1	175	3166	8	2	2019
MNH1-1-185	MNH1	B14A_MO17	1	185	3166	8	2	2019
MNH1-1-189	MNH1	B73_PHN82	1	189	3166	8	2	2019
MNH1-1-221	MNH1	CG119_CG108	1	221	3166	8	2	2019
MNH1-1-24	MNH1	PHG39_PHN82	1	24	3166	8	2	2019
MNH1-1-259	MNH1	B73_MO17	1	259	3166	8	2	2019
MNH1-1-274	MNH1	2369_LH123HT	1	274	3167	8	2	2019
MNH1-1-286	MNH1	B14A_OH43	1	286	3166	8	2	2019
MNH1-1-345	MNH1	PHW52_PHM49	1	345	3166	8	2	2019
MNH1-1-347	MNH1	B73_PHM49	1	347	3166	8	2	2019
MNH1-1-353	MNH1	B37_MO17	1	353	3166	8	2	2019
MNH1-1-376	MNH1	PHW52_PHN82	1	376	3166	8	2	2019
MNH1-1-460	MNH1	LH74_PHN82	1	460	3166	8	2	2019
MNH1-1-475	MNH1	2369_LH123HT	1	475	3166	8	2	2019
MNH1-1-476	MNH1	B73_PHN82	1	476	3166	8	2	2019
MNH1-1-491	MNH1	B14A_MO17	1	491	3166	8	2	2019
MNH1-1-514	MNH1	F42_MO17	1	514	3166	8	2	2019
MNH1-1-542	MNH1	PHG39_PHN82	1	542	3166	8	2	2019
MNH1-1-54	MNH1	B14A_H95	1	54	3166	8	2	2019
MNH1-1-552	MNH1	B14A_H95	1	552	3166	8	2	2019
MNH1-1-573	MNH1	CG44_CGR01	1	573	3167	8	2	2019
MNH1-1-615	MNH1	PHW52_PHN82	1	615	3166	8	2	2019
MNH1-1-632	MNH1	F42_H95	1	632	3166	8	2	2019
MNH1-1-635	MNH1	B37_OH43	1	635	3166	8	2	2019
MNH1-1-642	MNH1	CG119_CG108	1	642	3166	8	2	2019
MNH1-1-695	MNH1	F42_OH43	1	695	3166	8	2	2019
MNH1-1-699	MNH1	B37_MO17	1	699	3166	8	2	2019
MNH1-1-701	MNH1	B73_MO17	1	701	3166	8	2	2019
MNH1-1-74	MNH1	CG44_CGR01	1	74	3166	8	2	2019
MNH1-1-758	MNH1	B73_PHM49	1	758	3166	8	2	2019
MNH1-1-769	MNH1	PHW52_PHM49	1	769	3166	8	2	2019
MNH1-1-799	MNH1	B37_H95	1	799	3167	8	2	2019
MNH1-1-85	MNH1	LH74_PHN82	1	85	3166	8	2	2019
MNH1-1-86	MNH1	B37_H95	1	86	3166	8	2	2019
MNH1-1-94	MNH1	F42_OH43	1	94	3166	8	2	2019
MNH1-2-1017	MNH1	B37_OH43	2	1017	3167	8	2	2019
MNH1-2-1039	MNH1	B73_PHN82	2	1039	3166	8	2	2019
MNH1-2-1059	MNH1	B73_PHM49	2	1059	3167	8	2	2019
MNH1-2-1074	MNH1	B14A_H95	2	1074	3167	8	2	2019
MNH1-2-1136	MNH1	LH74_PHN82	2	1136	3166	8	2	2019
MNH1-2-1139	MNH1	F42_H95	2	1139	3167	8	2	2019
MNH1-2-1143	MNH1	B37_MO17	2	1143	3166	8	2	2019
MNH1-2-1147	MNH1	2369_LH123HT	2	1147	3167	8	2	2019
MNH1-2-1157	MNH1	B73_MO17	2	1157	3166	8	2	2019
MNH1-2-1187	MNH1	B14A_OH43	2	1187	3166	8	2	2019
MNH1-2-1276	MNH1	CG119_CG108	2	1276	3166	8	2	2019
MNH1-2-1298	MNH1	B14A_OH43	2	1298	3166	8	2	2019
MNH1-2-1305	MNH1	B37_H95	2	1305	3167	8	2	2019
MNH1-2-1307	MNH1	F42_OH43	2	1307	3166	8	2	2019
MNH1-2-1319	MNH1	B73_PHN82	2	1319	3166	8	2	2019
MNH1-2-1323	MNH1	LH74_PHN82	2	1323	3166	8	2	2019
MNH1-2-1343	MNH1	F42_MO17	2	1343	3166	8	2	2019
MNH1-2-1393	MNH1	B14A_H95	2	1393	3167	8	2	2019
MNH1-2-1413	MNH1	B73_PHM49	2	1413	3166	8	2	2019
MNH1-2-1427	MNH1	B37_MO17	2	1427	3166	8	2	2019
MNH1-2-1459	MNH1	B14A_MO17	2	1459	3167	8	2	2019
MNH1-2-1464	MNH1	F42_H95	2	1464	3167	8	2	2019
MNH1-2-1465	MNH1	PHG39_PHN82	2	1465	3167	8	2	2019
MNH1-2-1479	MNH1	2369_LH123HT	2	1479	3166	8	2	2019
MNH1-2-1489	MNH1	B73_MO17	2	1489	3166	8	2	2019
MNH1-2-1518	MNH1	CG44_CGR01	2	1518	3167	8	2	2019
MNH1-2-1521	MNH1	PHW52_PHM49	2	1521	3166	8	2	2019
MNH1-2-1535	MNH1	PHW52_PHN82	2	1535	3167	8	2	2019
MNH1-2-1590	MNH1	B37_OH43	2	1590	3167	8	2	2019
MNH1-2-821	MNH1	PHW52_PHM49	2	821	3167	8	2	2019
MNH1-2-847	MNH1	B37_H95	2	847	3166	8	2	2019
MNH1-2-856	MNH1	F42_OH43	2	856	3166	8	2	2019
MNH1-2-892	MNH1	PHW52_PHN82	2	892	3166	8	2	2019
MNH1-2-909	MNH1	PHG39_PHN82	2	909	3166	8	2	2019
MNH1-2-919	MNH1	F42_MO17	2	919	3166	8	2	2019
MNH1-2-959	MNH1	CG119_CG108	2	959	3166	8	2	2019
MNH1-2-992	MNH1	B14A_MO17	2	992	3167	8	2	2019
MOH1-1-118	MOH1	F42_MO17	1	118	3168	7	22	2019
MOH1-1-149	MOH1	B73_PHN82	1	149	3168	7	22	2019
MOH1-1-180	MOH1	PHW52_PHN82	1	180	3168	7	22	2019
MOH1-1-186	MOH1	B73_PHM49	1	186	3168	7	22	2019
MOH1-1-206	MOH1	B37_H95	1	206	3168	7	22	2019
MOH1-1-20	MOH1	LH74_PHN82	1	20	3168	7	22	2019
MOH1-1-259	MOH1	PHG39_PHN82	1	259	3168	7	22	2019
MOH1-1-268	MOH1	CG44_CGR01	1	268	3168	7	22	2019
MOH1-1-277	MOH1	CG119_CG108	1	277	3168	7	22	2019
MOH1-1-285	MOH1	2369_LH123HT	1	285	3168	7	22	2019
MOH1-1-303	MOH1	F42_OH43	1	303	3168	7	22	2019
MOH1-1-31	MOH1	B14A_OH43	1	31	3168	7	22	2019
MOH1-1-344	MOH1	B14A_H95	1	344	3168	7	22	2019
MOH1-1-357	MOH1	F42_H95	1	357	3168	7	22	2019
MOH1-1-367	MOH1	B73_MO17	1	367	3168	7	22	2019
MOH1-1-4	MOH1	B14A_MO17	1	4	3168	7	22	2019
MOH1-1-58	MOH1	B37_MO17	1	58	3168	7	22	2019
MOH1-1-91	MOH1	B37_OH43	1	91	3168	7	22	2019
MOH1-1-98	MOH1	PHW52_PHM49	1	98	3168	7	22	2019
MOH1-2-1005	MOH1	2369_LH123HT	2	1005	3167	7	22	2019
MOH1-2-1014	MOH1	F42_MO17	2	1014	3167	7	22	2019
MOH1-2-1021	MOH1	B73_PHM49	2	1021	3167	7	22	2019
MOH1-2-1037	MOH1	CG44_CGR01	2	1037	3167	7	22	2019
MOH1-2-1038	MOH1	PHG39_PHN82	2	1038	3167	7	22	2019
MOH1-2-1080	MOH1	LH74_PHN82	2	1080	3167	7	22	2019
MOH1-2-1115	MOH1	B73_PHN82	2	1115	3168	7	22	2019
MOH1-2-1154	MOH1	F42_H95	2	1154	3167	7	22	2019
MOH1-2-1188	MOH1	B14A_H95	2	1188	3167	7	22	2019
MOH1-2-1197	MOH1	F42_OH43	2	1197	3168	7	22	2019
MOH1-2-803	MOH1	B37_MO17	2	803	3168	7	22	2019
MOH1-2-805	MOH1	B14A_OH43	2	805	3167	7	22	2019
MOH1-2-823	MOH1	CG119_CG108	2	823	3167	7	22	2019
MOH1-2-829	MOH1	B37_H95	2	829	3167	7	22	2019
MOH1-2-886	MOH1	B14A_MO17	2	886	3167	7	22	2019
MOH1-2-897	MOH1	B37_OH43	2	897	3167	7	22	2019
MOH1-2-909	MOH1	PHW52_PHN82	2	909	3167	7	22	2019
MOH1-2-996	MOH1	PHW52_PHM49	2	996	3168	7	22	2019
NCH1-1-105	NCH1	PHW52_PHN82	1	105	3165	7	2	2019
NCH1-1-109	NCH1	B37_OH43	1	109	3165	7	2	2019
NCH1-1-138	NCH1	TX714_TX779	1	138	3165	7	2	2019
NCH1-1-150	NCH1	B73_MO17	1	150	3165	7	2	2019
NCH1-1-155	NCH1	PHW52_PHM49	1	155	3165	7	2	2019
NCH1-1-159	NCH1	B73_PHN82	1	159	3165	7	2	2019
NCH1-1-171	NCH1	F42_MO17	1	171	3165	7	2	2019
NCH1-1-181	NCH1	TX779_LH195	1	181	3165	7	2	2019
NCH1-1-18	NCH1	F42_H95	1	18	3165	7	2	2019
NCH1-1-198	NCH1	B73_TX779	1	198	3165	7	2	2019
NCH1-1-200	NCH1	LH74_PHN82	1	200	3165	7	2	2019
NCH1-1-204	NCH1	CG44_CGR01	1	204	3165	7	2	2019
NCH1-1-219	NCH1	B73_PHM49	1	219	3165	7	2	2019
NCH1-1-230	NCH1	B37_MO17	1	230	3165	7	2	2019
NCH1-1-240	NCH1	TX777_LH195	1	240	3165	7	2	2019
NCH1-1-249	NCH1	B37_H95	1	249	3165	7	2	2019
NCH1-1-250	NCH1	2369_LH123HT	1	250	3165	7	2	2019
NCH1-1-268	NCH1	PHW52_PHM49	1	268	3165	7	2	2019
NCH1-1-276	NCH1	F42_H95	1	276	3165	7	2	2019
NCH1-1-278	NCH1	B14A_OH43	1	278	3165	7	2	2019
NCH1-1-282	NCH1	TX777_LH195	1	282	3165	7	2	2019
NCH1-1-288	NCH1	2369_LH123HT	1	288	3165	7	2	2019
NCH1-1-298	NCH1	CG119_CG108	1	298	3165	7	2	2019
NCH1-1-2	NCH1	B14A_OH43	1	2	3165	7	2	2019
NCH1-1-319	NCH1	B14A_H95	1	319	3165	7	2	2019
NCH1-1-332	NCH1	TX714_TX779	1	332	3165	7	2	2019
NCH1-1-358	NCH1	PHW52_PHN82	1	358	3165	7	2	2019
NCH1-1-370	NCH1	B37_OH43	1	370	3165	7	2	2019
NCH1-1-382	NCH1	B73_PHN82	1	382	3165	7	2	2019
NCH1-1-384	NCH1	B73_TX779	1	384	3165	7	2	2019
NCH1-1-388	NCH1	LH74_PHN82	1	388	3165	7	2	2019
NCH1-1-395	NCH1	B73_MO17	1	395	3165	7	2	2019
NCH1-1-408	NCH1	CG44_CGR01	1	408	3165	7	2	2019
NCH1-1-40	NCH1	LH132_TX779	1	40	3165	7	2	2019
NCH1-1-420	NCH1	TX779_LH195	1	420	3165	7	2	2019
NCH1-1-428	NCH1	B73_PHM49	1	428	3165	7	2	2019
NCH1-1-437	NCH1	PHG39_PHN82	1	437	3165	7	2	2019
NCH1-1-43	NCH1	PHG39_PHN82	1	43	3165	7	2	2019
NCH1-1-448	NCH1	LH132_TX779	1	448	3165	7	2	2019
NCH1-1-450	NCH1	B37_MO17	1	450	3165	7	2	2019
NCH1-1-453	NCH1	TX110_87916	1	453	3165	7	2	2019
NCH1-1-456	NCH1	B14A_MO17	1	456	3165	7	2	2019
NCH1-1-457	NCH1	B37_H95	1	457	3165	7	2	2019
NCH1-1-45	NCH1	B14A_H95	1	45	3165	7	2	2019
NCH1-1-472	NCH1	F42_OH43	1	472	3165	7	2	2019
NCH1-1-487	NCH1	F42_MO17	1	487	3165	7	2	2019
NCH1-1-50	NCH1	B14A_MO17	1	50	3165	7	2	2019
NCH1-1-91	NCH1	TX110_87916	1	91	3165	7	2	2019
NCH1-1-96	NCH1	CG119_CG108	1	96	3165	7	2	2019
NCH1-1-98	NCH1	F42_OH43	1	98	3165	7	2	2019
NCH1-2-848	NCH1	B73_PHN82	2	848	3165	7	2	2019
NCH1-2-859	NCH1	PHW52_PHM49	2	859	3165	7	2	2019
NCH1-2-862	NCH1	B14A_MO17	2	862	3165	7	2	2019
NCH1-2-874	NCH1	F42_H95	2	874	3165	7	2	2019
NCH1-2-896	NCH1	B73_MO17	2	896	3165	7	2	2019
NCH1-2-898	NCH1	LH74_PHN82	2	898	3165	7	2	2019
NCH1-2-906	NCH1	B14A_H95	2	906	3165	7	2	2019
NCH1-2-920	NCH1	B73_PHM49	2	920	3165	7	2	2019
NCH1-2-953	NCH1	B73_TX779	2	953	3165	7	2	2019
NCH1-2-961	NCH1	B37_MO17	2	961	3165	7	2	2019
NCH1-2-968	NCH1	B37_H95	2	968	3165	7	2	2019
NCH1-2-975	NCH1	B14A_OH43	2	975	3165	7	2	2019
NCH1-2-989	NCH1	CG119_CG108	2	989	3165	7	2	2019
NEH1-1-123	NEH1	PHW52_PHN82	1	123	3166	7	17	2019
NEH1-1-125	NEH1	LH74_PHN82	1	125	3166	7	17	2019
NEH1-1-135	NEH1	B37_MO17	1	135	3166	7	17	2019
NEH1-1-145	NEH1	CG119_CG108	1	145	3166	7	17	2019
NEH1-1-149	NEH1	B37_OH43	1	149	3166	7	17	2019
NEH1-1-150	NEH1	PHW52_PHM49	1	150	3166	7	17	2019
NEH1-1-16	NEH1	B14A_H95	1	16	3166	7	17	2019
NEH1-1-184	NEH1	B37_H95	1	184	3166	7	17	2019
NEH1-1-198	NEH1	B73_MO17	1	198	3166	7	17	2019
NEH1-1-28	NEH1	2369_LH123HT	1	28	3166	7	17	2019
NEH1-1-35	NEH1	F42_H95	1	35	3166	7	17	2019
NEH1-1-53	NEH1	B14A_OH43	1	53	3166	7	17	2019
NEH1-1-55	NEH1	B14A_MO17	1	55	3166	7	17	2019
NEH1-1-72	NEH1	B73_PHM49	1	72	3166	7	17	2019
NEH1-1-76	NEH1	PHG39_PHN82	1	76	3166	7	17	2019
NEH1-1-79	NEH1	F42_MO17	1	79	3166	7	17	2019
NEH1-1-85	NEH1	CG44_CGR01	1	85	3166	7	17	2019
NEH1-1-89	NEH1	B73_PHN82	1	89	3166	7	17	2019
NEH1-2-210	NEH1	B37_OH43	2	210	3166	7	17	2019
NEH1-2-220	NEH1	CG44_CGR01	2	220	3166	7	17	2019
NEH1-2-231	NEH1	B73_MO17	2	231	3166	7	17	2019
NEH1-2-233	NEH1	CG119_CG108	2	233	3166	7	17	2019
NEH1-2-248	NEH1	LH74_PHN82	2	248	3166	7	17	2019
NEH1-2-254	NEH1	PHG39_PHN82	2	254	3166	7	17	2019
NEH1-2-268	NEH1	PHW52_PHN82	2	268	3166	7	17	2019
NEH1-2-279	NEH1	2369_LH123HT	2	279	3166	7	17	2019
NEH1-2-288	NEH1	PHW52_PHM49	2	288	3166	7	17	2019
NEH1-2-300	NEH1	F42_H95	2	300	3166	7	17	2019
NEH1-2-314	NEH1	B37_MO17	2	314	3166	7	17	2019
NEH1-2-325	NEH1	F42_MO17	2	325	3166	7	17	2019
NEH1-2-346	NEH1	B73_PHN82	2	346	3166	7	17	2019
NEH1-2-347	NEH1	B14A_H95	2	347	3166	7	17	2019
NEH1-2-355	NEH1	F42_OH43	2	355	3166	7	17	2019
NEH1-2-359	NEH1	B73_PHM49	2	359	3166	7	17	2019
NEH1-2-365	NEH1	B14A_MO17	2	365	3166	7	17	2019
NEH1-2-372	NEH1	B37_H95	2	372	3166	7	17	2019
NEH1-2-381	NEH1	B14A_OH43	2	381	3166	7	17	2019
NEH2-1-105	NEH2	B14A_MO17	1	105	3166	7	17	2019
NEH2-1-106	NEH2	2369_LH123HT	1	106	3166	7	17	2019
NEH2-1-120	NEH2	B73_PHN82	1	120	3166	7	17	2019
NEH2-1-136	NEH2	PHW52_PHM49	1	136	3166	7	17	2019
NEH2-1-140-1	NEH2	F42_OH43	1	140	3166	7	17	2019
NEH2-1-167-1	NEH2	F42_H95	1	167	3166	7	17	2019
NEH2-1-16	NEH2	PHW52_PHN82	1	16	3167	7	17	2019
NEH2-1-174-1	NEH2	CG119_CG108	1	174	3166	7	17	2019
NEH2-1-183-1	NEH2	B73_PHM49	1	183	3166	7	17	2019
NEH2-1-18	NEH2	B37_MO17	1	18	3166	7	17	2019
NEH2-1-198-1	NEH2	B14A_H95	1	198	3166	7	17	2019
NEH2-1-27	NEH2	B37_H95	1	27	3166	7	17	2019
NEH2-1-2	NEH2	B14A_OH43	1	2	3166	7	17	2019
NEH2-1-34	NEH2	NA	NA	NA	3166	7	17	2019
NEH2-1-35	NEH2	F42_MO17	1	35	3166	7	17	2019
NEH2-1-42	NEH2	CG44_CGR01	1	42	3166	7	17	2019
NEH2-1-48	NEH2	B37_OH43	1	48	3166	7	17	2019
NEH2-1-89	NEH2	LH74_PHN82	1	89	3166	7	17	2019
NEH2-1-93	NEH2	PHG39_PHN82	1	93	3166	7	17	2019
NEH2-2-231	NEH2	B73_PHN82	2	231	3167	7	17	2019
NEH2-2-243	NEH2	B73_MO17	2	243	3167	7	17	2019
NEH2-2-251	NEH2	2369_LH123HT	2	251	3167	7	17	2019
NEH2-2-258	NEH2	B37_OH43	2	258	3167	7	17	2019
NEH2-2-261	NEH2	B14A_OH43	2	261	3167	7	17	2019
NEH2-2-262	NEH2	CG44_CGR01	2	262	3167	7	17	2019
NEH2-2-263	NEH2	F42_MO17	2	263	3167	7	17	2019
NEH2-2-266	NEH2	F42_H95	2	266	3167	7	17	2019
NEH2-2-281	NEH2	B37_MO17	2	281	3167	7	17	2019
NEH2-2-290	NEH2	CG119_CG108	2	290	3167	7	17	2019
NEH2-2-303	NEH2	PHW52_PHM49	2	303	3167	7	17	2019
NEH2-2-320	NEH2	PHW52_PHN82	2	320	3167	7	17	2019
NEH2-2-331	NEH2	PHG39_PHN82	2	331	3167	7	17	2019
NEH2-2-345	NEH2	LH74_PHN82	2	345	3167	7	17	2019
NEH2-2-360	NEH2	B37_H95	2	360	3167	7	17	2019
NEH2-2-368	NEH2	B73_PHM49	2	368	3167	7	17	2019
NEH2-2-369	NEH2	F42_OH43	2	369	3167	7	17	2019
NEH2-2-392	NEH2	B14A_H95	2	392	3167	7	17	2019
NYH2-1-101	NYH2	B37_MO17	1	101	3167	8	2	2019
NYH2-1-107	NYH2	PHG39_PHN82	1	107	3167	8	2	2019
NYH2-1-115	NYH2	B37_OH43	1	115	3167	8	2	2019
NYH2-1-120	NYH2	PHW52_PHM49	1	120	3167	8	2	2019
NYH2-1-127	NYH2	F42_MO17	1	127	3167	8	2	2019
NYH2-1-148	NYH2	B14A_MO17	1	148	3167	8	2	2019
NYH2-1-174	NYH2	B73_PHN82	1	174	3167	8	2	2019
NYH2-1-178	NYH2	PHW52_PHN82	1	178	3167	8	2	2019
NYH2-1-215	NYH2	B73_MO17	1	215	3167	8	2	2019
NYH2-1-254	NYH2	2369_LH123HT	1	254	3167	8	2	2019
NYH2-1-270	NYH2	CG44_CGR01	1	270	3167	8	2	2019
NYH2-1-27	NYH2	F42_H95	1	27	3167	8	2	2019
NYH2-1-293	NYH2	CG119_CG108	1	293	3167	8	2	2019
NYH2-1-296	NYH2	B37_H95	1	296	3167	8	2	2019
NYH2-1-319	NYH2	LH74_PHN82	1	319	3167	8	2	2019
NYH2-1-334	NYH2	B73_PHM49	1	334	3167	8	2	2019
NYH2-1-35	NYH2	F42_OH43	1	35	3167	8	2	2019
NYH2-1-361	NYH2	B14A_H95	1	361	3167	8	2	2019
NYH2-1-383	NYH2	B14A_OH43	1	383	3167	8	2	2019
NYH2-2-411	NYH2	B73_PHN82	2	411	3167	8	2	2019
NYH2-2-416	NYH2	B37_H95	2	416	3167	8	2	2019
NYH2-2-429	NYH2	B14A_H95	2	429	3167	8	2	2019
NYH2-2-450	NYH2	2369_LH123HT	2	450	3167	8	2	2019
NYH2-2-479	NYH2	B73_MO17	2	479	3167	8	2	2019
NYH2-2-488	NYH2	F42_MO17	2	488	3167	8	2	2019
NYH2-2-520	NYH2	PHW52_PHM49	2	520	3167	8	2	2019
NYH2-2-539	NYH2	B37_MO17	2	539	3167	8	2	2019
NYH2-2-600	NYH2	PHG39_PHN82	2	600	3167	8	2	2019
NYH2-2-602	NYH2	B73_PHM49	2	602	3167	8	2	2019
NYH2-2-622	NYH2	F42_H95	2	622	3167	8	2	2019
NYH2-2-657	NYH2	LH74_PHN82	2	657	3167	8	2	2019
NYH2-2-689	NYH2	B14A_OH43	2	689	3167	8	2	2019
NYH2-2-690	NYH2	F42_OH43	2	690	3167	8	2	2019
NYH2-2-702	NYH2	B14A_MO17	2	702	3167	8	2	2019
NYH2-2-705	NYH2	PHW52_PHN82	2	705	3167	8	2	2019
NYH2-2-713	NYH2	B37_OH43	2	713	3167	8	2	2019
NYH2-2-716	NYH2	CG44_CGR01	2	716	3167	8	2	2019
NYH2-2-793	NYH2	CG119_CG108	2	793	3167	8	2	2019
NYH3-1-107	NYH3	LH74_PHN82	1	107	3167	8	7	2019
NYH3-1-12	NYH3	CG44_CGR01	1	12	3167	8	7	2019
NYH3-1-185	NYH3	PHW52_PHN82	1	185	3167	8	7	2019
NYH3-1-192	NYH3	B14A_OH43	1	192	3167	8	7	2019
NYH3-1-202	NYH3	B73_MO17	1	202	3167	8	7	2019
NYH3-1-218	NYH3	PHG39_PHN82	1	218	3167	8	7	2019
NYH3-1-293	NYH3	F42_OH43	1	293	3167	8	7	2019
NYH3-1-339	NYH3	B37_OH43	1	339	3167	8	7	2019
NYH3-1-349	NYH3	F42_H95	1	349	3167	8	7	2019
NYH3-1-377	NYH3	CG119_CG108	1	377	3167	8	7	2019
NYH3-1-379	NYH3	B14A_MO17	1	379	3167	8	7	2019
NYH3-1-388	NYH3	B14A_H95	1	388	3167	8	7	2019
NYH3-1-389	NYH3	B37_MO17	1	389	3167	8	7	2019
NYH3-1-400	NYH3	2369_LH123HT	1	400	3167	8	7	2019
NYH3-1-40	NYH3	B73_PHN82	1	40	3167	8	7	2019
NYH3-1-4	NYH3	B37_H95	1	4	3167	8	7	2019
NYH3-1-60	NYH3	PHW52_PHM49	1	60	3167	8	7	2019
NYH3-1-88	NYH3	B73_PHM49	1	88	3167	8	7	2019
NYH3-1-8	NYH3	F42_MO17	1	8	3167	8	7	2019
NYH3-2-411	NYH3	B14A_H95	2	411	3167	8	7	2019
NYH3-2-440	NYH3	B73_PHN82	2	440	3167	8	7	2019
NYH3-2-449	NYH3	F42_MO17	2	449	3167	8	7	2019
NYH3-2-495	NYH3	F42_OH43	2	495	3167	8	7	2019
NYH3-2-521	NYH3	B14A_MO17	2	521	3167	8	7	2019
NYH3-2-541	NYH3	LH74_PHN82	2	541	3167	8	7	2019
NYH3-2-565	NYH3	PHW52_PHN82	2	565	3167	8	7	2019
NYH3-2-607	NYH3	B37_MO17	2	607	3167	8	7	2019
NYH3-2-616	NYH3	CG119_CG108	2	616	3167	8	7	2019
NYH3-2-641	NYH3	B73_MO17	2	641	3167	8	7	2019
NYH3-2-650	NYH3	B73_PHM49	2	650	3167	8	7	2019
NYH3-2-654	NYH3	B37_OH43	2	654	3167	8	7	2019
NYH3-2-694	NYH3	PHW52_PHM49	2	694	3167	8	7	2019
NYH3-2-698	NYH3	2369_LH123HT	2	698	3167	8	7	2019
NYH3-2-705	NYH3	B14A_OH43	2	705	3167	8	7	2019
NYH3-2-743	NYH3	B37_H95	2	743	3167	8	7	2019
NYH3-2-754	NYH3	PHG39_PHN82	2	754	3167	8	7	2019
NYH3-2-773	NYH3	CG44_CGR01	2	773	3167	8	7	2019
OHH1-1-118	OHH1	F42_OH43	1	118	3167	8	6	2019
OHH1-1-120	OHH1	PHW52_PHN82	1	120	3167	8	6	2019
OHH1-1-127	OHH1	B37_MO17	1	127	3167	8	6	2019
OHH1-1-12	OHH1	B14A_OH43	1	12	3167	8	6	2019
OHH1-1-142	OHH1	F42_H95	1	142	3167	8	6	2019
OHH1-1-147	OHH1	2369_LH123HT	1	147	3167	8	6	2019
OHH1-1-171	OHH1	F42_MO17	1	171	3167	8	6	2019
OHH1-1-181	OHH1	LH74_PHN82	1	181	3167	8	6	2019
OHH1-1-196	OHH1	B73_MO17	1	196	3167	8	6	2019
OHH1-1-19	OHH1	B37_H95	1	19	3167	8	6	2019
OHH1-1-1	OHH1	B73_PHN82	1	1	3167	8	6	2019
OHH1-1-204	OHH1	PHG39_PHN82	1	204	3167	8	6	2019
OHH1-1-221	OHH1	B73_PHM49	1	221	3167	8	6	2019
OHH1-1-226	OHH1	B37_OH43	1	226	3167	8	6	2019
OHH1-1-64	OHH1	CG44_CGR01	1	64	3167	8	6	2019
OHH1-1-76	OHH1	B14A_MO17	1	76	3167	8	6	2019
OHH1-1-78	OHH1	B14A_H95	1	78	3167	8	6	2019
OHH1-1-9	OHH1	CG119_CG108	1	9	3167	8	6	2019
OHH1-2-252	OHH1	B37_OH43	2	252	3167	8	6	2019
OHH1-2-258	OHH1	F42_MO17	2	258	3167	8	6	2019
OHH1-2-294	OHH1	B14A_OH43	2	294	3167	8	6	2019
OHH1-2-308	OHH1	B73_PHN82	2	308	3167	8	6	2019
OHH1-2-343	OHH1	F42_H95	2	343	3167	8	6	2019
OHH1-2-365	OHH1	B14A_MO17	2	365	3167	8	6	2019
OHH1-2-370	OHH1	CG44_CGR01	2	370	3167	8	6	2019
OHH1-2-376	OHH1	B37_H95	2	376	3167	8	6	2019
OHH1-2-378	OHH1	B73_MO17	2	378	3167	8	6	2019
OHH1-2-389	OHH1	PHW52_PHN82	2	389	3167	8	6	2019
OHH1-2-406	OHH1	PHW52_PHM49	2	406	3167	8	6	2019
OHH1-2-408	OHH1	LH74_PHN82	2	408	3167	8	6	2019
OHH1-2-413	OHH1	F42_OH43	2	413	3167	8	6	2019
OHH1-2-419	OHH1	CG119_CG108	2	419	3167	8	6	2019
OHH1-2-435	OHH1	2369_LH123HT	2	435	3167	8	6	2019
OHH1-2-446	OHH1	B14A_H95	2	446	3167	8	6	2019
OHH1-2-455	OHH1	B37_MO17	2	455	3167	8	6	2019
OHH1-2-456	OHH1	B73_PHM49	2	456	3167	8	6	2019
OHH1-2-481	OHH1	PHG39_PHN82	2	481	3167	8	6	2019
SCH1-1-107	SCH1	CG44_CGR01	1	107	3166	7	3	2019
SCH1-1-110	SCH1	B14A_MO17	1	110	3165	7	3	2019
SCH1-1-115	SCH1	F42_MO17	1	115	3166	7	3	2019
SCH1-1-13	SCH1	B37_H95	1	13	3166	7	3	2019
SCH1-1-156	SCH1	B14A_H95	1	156	3166	7	3	2019
SCH1-1-157	SCH1	LH74_PHN82	1	157	3166	7	3	2019
SCH1-1-162	SCH1	B14A_OH43	1	162	3166	7	3	2019
SCH1-1-170	SCH1	2369_LH123HT	1	170	3165	7	3	2019
SCH1-1-188	SCH1	B73_MO17	1	188	3166	7	3	2019
SCH1-1-207	SCH1	PHW52_PHN82	1	207	3166	7	3	2019
SCH1-1-211	SCH1	F42_OH43	1	211	3166	7	3	2019
SCH1-1-23	SCH1	B37_OH43	1	23	3166	7	3	2019
SCH1-1-250	SCH1	F42_H95	1	250	3165	7	3	2019
SCH1-1-52	SCH1	PHW52_PHM49	1	52	3166	7	3	2019
SCH1-1-54	SCH1	CG119_CG108	1	54	3165	7	3	2019
SCH1-1-73	SCH1	B73_PHN82	1	73	3166	7	3	2019
SCH1-1-78	SCH1	B37_MO17	1	78	3165	7	3	2019
SCH1-1-90	SCH1	B73_PHM49	1	90	3166	7	3	2019
SCH1-1-96	SCH1	PHG39_PHN82	1	96	3165	7	3	2019
SCH1-2-272	SCH1	CG44_CGR01	2	272	3165	7	3	2019
SCH1-2-287	SCH1	B14A_OH43	2	287	3165	7	3	2019
SCH1-2-293	SCH1	PHW52_PHM49	2	293	3166	7	3	2019
SCH1-2-298	SCH1	F42_MO17	2	298	3165	7	3	2019
SCH1-2-300	SCH1	B14A_H95	2	300	3165	7	3	2019
SCH1-2-305	SCH1	B73_MO17	2	305	3165	7	3	2019
SCH1-2-328	SCH1	B14A_MO17	2	328	3165	7	3	2019
SCH1-2-344	SCH1	B37_OH43	2	344	3165	7	3	2019
SCH1-2-345	SCH1	B73_PHN82	2	345	3166	7	3	2019
SCH1-2-373	SCH1	PHG39_PHN82	2	373	3165	7	3	2019
SCH1-2-396	SCH1	B37_H95	2	396	3165	7	3	2019
SCH1-2-418	SCH1	B37_MO17	2	418	3166	7	3	2019
SCH1-2-431	SCH1	CG119_CG108	2	431	3165	7	3	2019
SCH1-2-459	SCH1	F42_H95	2	459	3166	7	3	2019
SCH1-2-460	SCH1	B73_PHM49	2	460	3165	7	3	2019
SCH1-2-464	SCH1	F42_OH43	2	464	3166	7	3	2019
SCH1-2-471	SCH1	PHW52_PHN82	2	471	3165	7	3	2019
SCH1-2-480	SCH1	2369_LH123HT	2	480	3165	7	3	2019
SCH1-2-486	SCH1	LH74_PHN82	2	486	3166	7	3	2019
TXH1-1-101	TXH1	B37_H95	1	101	3165	5	28	2019
TXH1-1-123	TXH1	B73_TX779	1	123	3165	5	28	2019
TXH1-1-124	TXH1	F42_H95	1	124	3165	5	28	2019
TXH1-1-131	TXH1	TX779_LH195	1	131	3165	5	28	2019
TXH1-1-134	TXH1	PHG39_PHN82	1	134	3165	5	28	2019
TXH1-1-169	TXH1	B37_OH43	1	169	3165	5	28	2019
TXH1-1-16	TXH1	TX110_87916	1	16	3165	5	28	2019
TXH1-1-195	TXH1	B14A_OH43	1	195	3165	5	28	2019
TXH1-1-205	TXH1	F42_OH43	1	205	3165	5	28	2019
TXH1-1-214	TXH1	B73_PHM49	1	214	3165	5	28	2019
TXH1-1-224	TXH1	PHW52_PHN82	1	224	3165	5	28	2019
TXH1-1-225	TXH1	TX714_TX779	1	225	3165	5	28	2019
TXH1-1-237	TXH1	B14A_MO17	1	237	3165	5	28	2019
TXH1-1-242	TXH1	B73_MO17	1	242	3165	5	28	2019
TXH1-1-252	TXH1	B14A_H95	1	252	3165	5	28	2019
TXH1-1-255	TXH1	LH132_TX779	1	255	3165	5	28	2019
TXH1-1-281	TXH1	F42_MO17	1	281	3165	5	28	2019
TXH1-1-30	TXH1	LH74_PHN82	1	30	3165	5	28	2019
TXH1-1-310	TXH1	B37_MO17	1	310	3165	5	28	2019
TXH1-1-312	TXH1	PHW52_PHM49	1	312	3165	5	28	2019
TXH1-1-349	TXH1	TX777_LH195	1	349	3165	5	28	2019
TXH1-1-34	TXH1	2369_LH123HT	1	34	3165	5	28	2019
TXH1-1-49	TXH1	CG119_CG108	1	49	3165	5	28	2019
TXH1-1-64	TXH1	CG44_CGR01	1	64	3165	5	28	2019
TXH1-2-376	TXH1	B73_PHN82	2	376	3165	5	28	2019
TXH1-2-381	TXH1	B14A_OH43	2	381	3165	5	28	2019
TXH1-2-394	TXH1	TX777_LH195	2	394	3165	5	28	2019
TXH1-2-435	TXH1	B14A_MO17	2	435	3165	5	28	2019
TXH1-2-438	TXH1	TX714_TX779	2	438	3165	5	28	2019
TXH1-2-458	TXH1	B73_TX779	2	458	3165	5	28	2019
TXH1-2-472	TXH1	CG119_CG108	2	472	3165	5	28	2019
TXH1-2-476	TXH1	TX779_LH195	2	476	3165	5	28	2019
TXH1-2-512	TXH1	CG44_CGR01	2	512	3165	5	28	2019
TXH1-2-528	TXH1	B37_MO17	2	528	3165	5	28	2019
TXH1-2-562	TXH1	TX110_87916	2	562	3165	5	28	2019
TXH1-2-565	TXH1	B73_MO17	2	565	3165	5	28	2019
TXH1-2-585	TXH1	LH132_TX779	2	585	3165	5	28	2019
TXH1-2-595	TXH1	2369_LH123HT	2	595	3165	5	28	2019
TXH1-2-630	TXH1	PHG39_PHN82	2	630	3165	5	28	2019
TXH1-2-641	TXH1	PHW52_PHM49	2	641	3165	5	28	2019
TXH1-2-666	TXH1	LH74_PHN82	2	666	3165	5	28	2019
TXH1-2-672	TXH1	F42_H95	2	672	3165	5	28	2019
TXH1-2-694	TXH1	F42_MO17	2	694	3165	5	28	2019
TXH1-2-706	TXH1	B14A_H95	2	706	3165	5	28	2019
TXH2-1-110	TXH2	TX777_LH195	1	110	3165	5	28	2019
TXH2-1-119	TXH2	B14A_OH43	1	119	3165	5	28	2019
TXH2-1-120	TXH2	CG119_CG108	1	120	3165	5	28	2019
TXH2-1-125	TXH2	LH132_TX779	1	125	3165	5	28	2019
TXH2-1-142	TXH2	TX110_87916	1	142	3165	5	28	2019
TXH2-1-147	TXH2	B14A_H95	1	147	3165	5	28	2019
TXH2-1-14	TXH2	PHW52_PHM49	1	14	3165	5	28	2019
TXH2-1-153	TXH2	2369_LH123HT	1	153	3165	5	28	2019
TXH2-1-168	TXH2	B73_TX779	1	168	3165	5	28	2019
TXH2-1-169	TXH2	F42_OH43	1	169	3165	5	28	2019
TXH2-1-179	TXH2	PHW52_PHN82	1	179	3165	5	28	2019
TXH2-1-17	TXH2	PHG39_PHN82	1	17	3165	5	28	2019
TXH2-1-191	TXH2	B37_OH43	1	191	3165	5	28	2019
TXH2-1-194	TXH2	B73_PHN82	1	194	3165	5	28	2019
TXH2-1-195	TXH2	TX779_LH195	1	195	3165	5	28	2019
TXH2-1-221	TXH2	B73_MO17	1	221	3165	5	28	2019
TXH2-1-24	TXH2	B37_MO17	1	24	3165	5	28	2019
TXH2-1-253	TXH2	B37_H95	1	253	3165	5	28	2019
TXH2-1-25	TXH2	F42_H95	1	25	3165	5	28	2019
TXH2-1-34	TXH2	B73_PHM49	1	34	3165	5	28	2019
TXH2-1-35	TXH2	LH74_PHN82	1	35	3165	5	28	2019
TXH2-1-43	TXH2	TX714_TX779	1	43	3165	5	28	2019
TXH2-1-77	TXH2	CG44_CGR01	1	77	3165	5	28	2019
TXH2-1-85	TXH2	B14A_MO17	1	85	3165	5	28	2019
TXH2-2-277	TXH2	TX779_LH195	2	277	3165	5	28	2019
TXH2-2-288	TXH2	F42_H95	2	288	3165	5	28	2019
TXH2-2-302	TXH2	B73_TX779	2	302	3165	5	28	2019
TXH2-2-304	TXH2	B14A_H95	2	304	3165	5	28	2019
TXH2-2-331	TXH2	TX777_LH195	2	331	3165	5	28	2019
TXH2-2-335	TXH2	B73_PHN82	2	335	3165	5	28	2019
TXH2-2-340	TXH2	TX714_TX779	2	340	3165	5	28	2019
TXH2-2-350	TXH2	F42_MO17	2	350	3165	5	28	2019
TXH2-2-357	TXH2	TX110_87916	2	357	3165	5	28	2019
TXH2-2-367	TXH2	B37_H95	2	367	3165	5	28	2019
TXH2-2-368-1	TXH2	NA	NA	NA	3165	5	28	2019
TXH2-2-368-2	TXH2	NA	NA	NA	3165	5	28	2019
TXH2-2-369	TXH2	B14A_MO17	2	369	3165	5	28	2019
TXH2-2-378	TXH2	PHW52_PHM49	2	378	3165	5	28	2019
TXH2-2-386	TXH2	CG119_CG108	2	386	3165	5	28	2019
TXH2-2-412	TXH2	F42_OH43	2	412	3165	5	28	2019
TXH2-2-437	TXH2	B14A_OH43	2	437	3165	5	28	2019
TXH2-2-441	TXH2	B37_MO17	2	441	3165	5	28	2019
TXH2-2-456	TXH2	CG44_CGR01	2	456	3165	5	28	2019
TXH2-2-480	TXH2	B37_OH43	2	480	3165	5	28	2019
TXH2-2-489	TXH2	2369_LH123HT	2	489	3165	5	28	2019
TXH2-2-491	TXH2	B73_PHM49	2	491	3165	5	28	2019
TXH2-2-498	TXH2	B73_MO17	2	498	3165	5	28	2019
TXH2-2-505	TXH2	LH132_TX779	2	505	3165	5	28	2019
