"sampleID","location","rep_number","plot_number","Corrected_pedigree","Observed","Simpson","Shannon"
"DEH1-1-106","DEH1",1,106,"B73/MO17",41,0.951414222222222,3.34920875057102
"DEH1-1-112","DEH1",1,112,"B14A/OH43",27,0.932773333333333,2.95404788395461
"DEH1-1-116","DEH1",1,116,"B73/PHM49",31,0.942873777777778,3.06447003712757
"DEH1-1-173","DEH1",1,173,"CG44/CGR01",36,0.941440888888889,3.15448844589543
"DEH1-1-187","DEH1",1,187,"F42/OH43",33,0.934588444444444,3.01167575732956
"DEH1-1-190","DEH1",1,190,"PHW52/PHM49",12,0.825195555555556,1.99646078440057
"DEH1-1-302","DEH1",1,302,"B14A/MO17",18,0.915350222222222,2.68774287922169
"DEH1-1-304","DEH1",1,304,"PHN11_PHW65_0015/LH195",35,0.954782222222222,3.2773666218529
"DEH1-1-31","DEH1",1,31,"B14A/MO17",36,0.951889777777778,3.23513806065131
"DEH1-1-331","DEH1",1,331,"PHN11_PHW65_0407/LH195",40,0.924515555555556,3.06745950607949
"DEH1-1-345","DEH1",1,345,"PHN11_PHW65_0301/LH195",23,0.926622222222222,2.81318843443671
"DEH1-1-363","DEH1",1,363,"PHW65_MOG_0176/LH195",38,0.954536,3.31272102502417
"DEH1-1-369","DEH1",1,369,"PHW65_MOG_0163/LH195",8,0.706791111111111,1.47251256900407
"DEH1-1-399","DEH1",1,399,"PHW65_MOG_0553/LH195",25,0.936355555555556,2.93531524497971
"DEH1-1-40","DEH1",1,40,"CG119/CG108",48,0.968433777777778,3.60301733702799
"DEH1-1-414","DEH1",1,414,"PHW65_MOG_0196/LH195",33,0.960210666666667,3.33841737845856
"DEH1-1-422","DEH1",1,422,"PHW65_MOG_0056/LH195",12,0.701279111111111,1.62716380458718
"DEH1-1-439","DEH1",1,439,"PHW65_MOG_0377/LH195",28,0.938458666666667,3.00061283310947
"DEH1-1-500","DEH1",1,500,"PHW65_MOG_0476/LH195",64,0.971448888888889,3.81818466954692
"DEH1-1-6","DEH1",1,6,"F42/H95",19,0.778690666666667,2.00427272433352
"DEH1-1-75","DEH1",1,75,"PHG39/PHN82",32,0.949536888888889,3.15864009183543
"DEH1-1-91","DEH1",1,91,"LH74/PHN82",49,0.962663111111111,3.56546972188646
"DEH1-2-505","DEH1",2,505,"PHW65_MOG_0068/LH195",15,0.899128888888889,2.44226110716885
"DEH1-2-514","DEH1",2,514,"PHW65_MOG_0062/LH195",16,0.912006222222222,2.58644779604622
"DEH1-2-522","DEH1",2,522,"PHW65_MOG_0192/LH195",34,0.945588444444444,3.16274259118962
"DEH1-2-530","DEH1",2,530,"PHW65_MOG_0567/LH195",23,0.898568,2.65159310008903
"DEH1-2-580","DEH1",2,580,"PHN11_PHW65_0143/LH195",26,0.90404,2.69003220041206
"DEH1-2-585","DEH1",2,585,"PHN11_PHW65_0541/LH195",39,0.949451555555556,3.28462292558191
"DEH1-2-610","DEH1",2,610,"PHN11_PHW65_0267/LH195",42,0.958846222222222,3.42459368414517
"DEH1-2-614","DEH1",2,614,"PHN11_PHW65_0386/LH195",28,0.906002666666667,2.82012292213477
"DEH1-2-637","DEH1",2,637,"PHN11_PHW65_0027/LH195",20,0.91796,2.65977853841983
"DEH1-2-655","DEH1",2,655,"MO44_PHW65_0155/LH195",23,0.920339555555556,2.78752831135212
"DEH1-2-689","DEH1",2,689,"MO44_PHW65_0185/LH195",21,0.923498666666667,2.78328400295863
"DEH1-2-713","DEH1",2,713,"B73/PHN82",28,0.910618666666667,2.76319820817565
"DEH1-2-719","DEH1",2,719,"PHN11_PHW65_0144/PHT69",37,0.966784,3.48835227886234
"DEH1-2-720","DEH1",2,720,"PHN11_PHW65_0021/PHT69",19,0.909678222222222,2.63362923632089
"DEH1-2-751","DEH1",2,751,"PHN11_PHW65_0423/PHT69",32,0.948230222222222,3.17705917627734
"DEH1-2-756","DEH1",2,756,"PHN11_PHW65_0443/PHT69",10,0.696607111111111,1.60973751643862
"DEH1-2-780","DEH1",2,780,"PHN11_PHW65_0369/PHT69",59,0.959620444444444,3.64951791633879
"DEH1-2-791","DEH1",2,791,"PHN11_PHW65_0345/PHT69",38,0.933690666666667,3.04638801460699
"DEH1-2-809","DEH1",2,809,"PHW65_MOG_0296/PHT69",13,0.845788444444444,2.14973482135203
"DEH1-2-827","DEH1",2,827,"PHW65_MOG_0213/PHT69",39,0.959653333333333,3.37556347919874
"DEH1-2-839","DEH1",2,839,"PHW65_MOG_0111/PHT69",39,0.954003555555556,3.30183599136861
"DEH1-2-846","DEH1",2,846,"PHW65_MOG_0291/PHT69",40,0.945612444444444,3.35477951731301
"DEH1-2-860","DEH1",2,860,"PHW65_MOG_0629/PHT69",20,0.869608888888889,2.45141041864035
"DEH1-2-866","DEH1",2,866,"PHW65_MOG_0221/PHT69",69,0.972983111111111,3.85980843596474
"DEH1-2-900","DEH1",2,900,"MO44_PHW65_0464/PHT69",48,0.961496,3.50856726798864
"DEH1-2-902","DEH1",2,902,"MO44_PHW65_0029/PHT69",19,0.908713777777778,2.60487580791997
"DEH1-2-917","DEH1",2,917,"MO44/PHT69",20,0.920360888888889,2.72240944404687
"DEH1-2-923","DEH1",2,923,"MO44_PHW65_0237/PHT69",34,0.947268444444444,3.15577001439184
"DEH1-2-937","DEH1",2,937,"MO44_PHW65_0321/PHT69",26,0.931979555555556,2.97226350291479
"DEH1-2-968","DEH1",2,968,"B37/OH43",90,0.981532444444444,4.27549066058708
"DEH1-2-985","DEH1",2,985,"CG119/CG108",24,0.928580444444444,2.8563325348197
"DEH1-2-987","DEH1",2,987,"B37/H95",57,0.972741333333333,3.83563298202075
"GAH2-1-106","GAH2",1,106,"PHW65_MOG_0424/PHT69",34,0.952485333333333,3.22610533141202
"GAH2-1-108","GAH2",1,108,"B37/OH43",26,0.940259555555556,3.00579791278714
"GAH2-1-132","GAH2",1,132,"B37/MO17",42,0.958146666666667,3.3781155010827
"GAH2-1-135","GAH2",1,135,"Unknown1",46,0.967294222222222,3.59084709919973
"GAH2-1-170","GAH2",1,170,"2369/LH123HT",35,0.957814222222222,3.29327935891862
"GAH2-1-184","GAH2",1,184,"B37/H95",60,0.974644444444444,3.85495959184534
"GAH2-1-191","GAH2",1,191,"B73/TX779",41,0.958709333333333,3.3895256615702
"GAH2-1-206","GAH2",1,206,"F42/OH43",40,0.960864,3.42296474776679
"GAH2-1-217","GAH2",1,217,"Unknown2",40,0.959525333333333,3.40989042017942
"GAH2-1-220","GAH2",1,220,"B37/H95",47,0.968329777777778,3.61077625135419
"GAH2-1-226","GAH2",1,226,"2369/LH123HT",22,0.931684444444444,2.8602325969951
"GAH2-1-242","GAH2",1,242,"PHW65_MOG_0294/PHT69",43,0.961054222222222,3.45708214977207
"GAH2-1-245","GAH2",1,245,"TX714/TX779",59,0.976754666666667,3.88617305079852
"GAH2-1-38","GAH2",1,38,"Unknown3",43,0.962378666666667,3.46680752476445
"GAH2-1-46","GAH2",1,46,"B37/H95",38,0.957106666666667,3.33644169770145
"GAH2-1-49","GAH2",1,49,"CGR01/CG44",26,0.931293333333333,2.98705328758959
"GAH2-1-50","GAH2",1,50,"LH132/TX779",34,0.949254222222222,3.22551581119329
"GAH2-1-52","GAH2",1,52,"CG44/CGR01",27,0.935836444444444,2.96086463550839
"GAH2-1-6","GAH2",1,6,"B37/MO17",21,0.926172444444444,2.74549909589023
"GAH2-1-73","GAH2",1,73,"MO44_PHW65_0260/PHT69",22,0.914696,2.67322301369503
"GAH2-1-83","GAH2",1,83,"F42/OH43",20,0.926939555555556,2.76097663740868
"GAH2-1-86","GAH2",1,86,"F42/OH43",44,0.958423111111111,3.43150668847219
"GAH2-1-98","GAH2",1,98,"B37/MO17",25,0.928017777777778,2.87109944009965
"GAH2-2-268","GAH2",2,268,"Unknown4",58,0.969431111111111,3.71619078035442
"GAH2-2-282","GAH2",2,282,"B73/TX779",17,0.916159111111111,2.58621003214645
"GAH2-2-284","GAH2",2,284,"PHW65_MOG_0294/PHT69",37,0.944939555555556,3.20704173686403
"GAH2-2-293","GAH2",2,293,"B37/H95",43,0.962694222222222,3.48933521502955
"GAH2-2-299","GAH2",2,299,"B37/H95",37,0.959050666666667,3.36679200275412
"GAH2-2-353","GAH2",2,353,"PHW65_MOG_0423/PHT69",45,0.962358222222222,3.46147583444298
"GAH2-2-360","GAH2",2,360,"CGR01/CG44",29,0.931488,2.98974289302091
"GAH2-2-376","GAH2",2,376,"CG44/CGR01",48,0.969639111111111,3.62728816152811
"GAH2-2-379","GAH2",2,379,"F42/OH43",11,0.842630222222222,2.04362600411013
"GAH2-2-383","GAH2",2,383,"2369/LH123HT",17,0.884168888888889,2.40095440943371
"GAH2-2-386","GAH2",2,386,"PHW65_MOG_0424/PHT69",23,0.929930666666667,2.83429170055438
"GAH2-2-398","GAH2",2,398,"Unknown5",40,0.954457777777778,3.31399530286889
"GAH2-2-410","GAH2",2,410,"F42/OH43",28,0.934863111111111,2.97187475356362
"GAH2-2-412","GAH2",2,412,"B37/OH43",35,0.958904,3.35753659297906
"GAH2-2-433","GAH2",2,433,"MO44_PHW65_0260/PHT69",23,0.926921777777778,2.83908403272612
"GAH2-2-437","GAH2",2,437,"Unknown6",16,0.876307555555556,2.40271454507042
"GAH2-2-441","GAH2",2,441,"B37/OH43",28,0.930854222222222,2.95784898247045
"GAH2-2-458","GAH2",2,458,"B37/MO17",29,0.939184888888889,3.0378193029137
"GAH2-2-461","GAH2",2,461,"B37/MO17",21,0.910541333333333,2.65555692990001
"GAH2-2-472","GAH2",2,472,"B37/MO17",32,0.953816888888889,3.21975209240969
"GAH2-2-487","GAH2",2,487,"CG119/CG108",42,0.961461333333333,3.48008324128338
"GAH2-2-494","GAH2",2,494,"TX714/TX779",46,0.967238222222222,3.56817172251178
"IAH2-1-148","IAH2",1,148,"F42/OH43",45,0.973146666666667,3.70199670528334
"IAH2-1-160","IAH2",1,160,"F42/H95",44,0.971848,3.66283874711494
"IAH2-1-207","IAH2",1,207,"B73/PHN82",24,0.947402666666667,3.04979897712539
"IAH2-1-230","IAH2",1,230,"B73/PHM49",64,0.977244444444444,3.98545419045348
"IAH2-1-238","IAH2",1,238,"PHG39/PHN82",91,0.984376,4.3241774278055
"IAH2-1-27","IAH2",1,27,"CG119/CG108",85,0.981524444444444,4.17447445001133
"IAH2-1-321","IAH2",1,321,"LH74/PHN82",41,0.962865777777778,3.50952524003528
"IAH2-1-345","IAH2",1,345,"2369/LH123HT",40,0.969076444444444,3.56303732213794
"IAH2-1-349","IAH2",1,349,"B37/H95",37,0.967126222222222,3.50285124662306
"IAH2-1-378","IAH2",1,378,"B73/MO17",74,0.978708444444444,4.04496128915648
"IAH2-1-379","IAH2",1,379,"B14A/H95",44,0.966024888888889,3.58142640890985
"IAH2-1-424","IAH2",1,424,"CG44/CGR01",41,0.959317333333333,3.39048489771042
"IAH2-1-431","IAH2",1,431,"PHW52/PHN82",45,0.968220444444444,3.60792662466019
"IAH2-1-44","IAH2",1,44,"B37/OH43",37,0.964180444444444,3.4672028665322
"IAH2-1-452","IAH2",1,452,"PHW52/PHM49",35,0.960115555555556,3.41039270621846
"IAH2-1-5","IAH2",1,5,"B37/MO17",67,0.977618666666667,3.98251863673576
"IAH2-1-85","IAH2",1,85,"B14A/OH43",135,0.983260444444444,4.58147370695914
"IAH2-2-542","IAH2",2,542,"F42/H95",83,0.983396444444444,4.24860205818109
"IAH2-2-562","IAH2",2,562,"B14A/OH43",38,0.965650666666667,3.50338058059307
"IAH2-2-570","IAH2",2,570,"B37/MO17",29,0.936478222222222,3.00588701537171
"IAH2-2-605","IAH2",2,605,"B14A/MO17",51,0.974723555555556,3.80103719277109
"IAH2-2-625","IAH2",2,625,"B37/OH43",55,0.976485333333333,3.85741383138563
"IAH2-2-633","IAH2",2,633,"CG44/CGR01",43,0.947087111111111,3.27661645238231
"IAH2-2-638","IAH2",2,638,"B14A/H95",62,0.980141333333333,4.01570346527605
"IAH2-2-640","IAH2",2,640,"PHG39/PHN82",68,0.968695111111111,3.84084103268043
"IAH2-2-693","IAH2",2,693,"PHW52/PHM49",44,0.967633777777778,3.61503563771702
"IAH2-2-710","IAH2",2,710,"F42/MO17",32,0.913050666666667,2.80102203827665
"IAH2-2-739","IAH2",2,739,"CG119/CG108",27,0.929358222222222,2.85972017770093
"IAH2-2-742","IAH2",2,742,"PHW52/PHN82",49,0.974516444444444,3.76757990274131
"IAH2-2-777","IAH2",2,777,"F42/OH43",42,0.968000888888889,3.56946932518059
"IAH2-2-788","IAH2",2,788,"B37/H95",31,0.961360888888889,3.34273771223732
"IAH2-2-804","IAH2",2,804,"2369/LH123HT",60,0.976367111111111,3.90432003765078
"IAH2-2-843","IAH2",2,843,"B73/MO17",24,0.952273777777778,3.10400963612275
"IAH2-2-871","IAH2",2,871,"B73/PHN82",57,0.973127111111111,3.83089766436601
"IAH2-2-907","IAH2",2,907,"B73/PHM49",59,0.976041777777778,3.88674185983814
"IAH2-2-921","IAH2",2,921,"LH74/PHN82",54,0.974940444444444,3.80117158558438
"IAH4-1-125","IAH4",1,125,"CG119/CG108",59,0.971887111111111,3.75778953960531
"IAH4-1-176","IAH4",1,176,"B14A/OH43",35,0.957772444444444,3.31318122461912
"IAH4-1-249","IAH4",1,249,"B14A/H95",18,0.921893333333333,2.6665543409636
"IAH4-1-337","IAH4",1,337,"B73/MO17",30,0.947921777777778,3.14531571601985
"IAH4-1-353","IAH4",1,353,"F42/OH43",42,0.962272,3.46608237442234
"IAH4-1-356","IAH4",1,356,"F42/MO17",48,0.958419555555556,3.47379438262567
"IAH4-1-366","IAH4",1,366,"LH74/PHN82",40,0.961057777777778,3.42506194463748
"IAH4-1-369","IAH4",1,369,"B37/H95",41,0.969408888888889,3.57584046572005
"IAH4-1-459","IAH4",1,459,"PHG39/PHN82",27,0.938237333333333,2.98024248290772
"IAH4-1-462","IAH4",1,462,"B73/PHM49",28,0.945591111111111,3.10008173278043
"IAH4-1-49","IAH4",1,49,"B14A/MO17",28,0.946186666666667,3.09757704672613
"IAH4-1-513","IAH4",1,513,"PHW52/PHM49",22,0.936985777777778,2.89235121404544
"IAH4-1-543","IAH4",1,543,"B14A/MO17",25,0.949128888888889,3.06152102128739
"IAH4-1-57","IAH4",1,57,"PHG39/PHN82",31,0.955160888888889,3.2308419123103
"IAH4-1-582","IAH4",1,582,"B14A/OH43",26,0.947235555555556,3.07019969321798
"IAH4-1-588","IAH4",1,588,"B37/OH43",43,0.968734222222222,3.57186924284429
"IAH4-1-663","IAH4",1,663,"PHW52/PHN82",32,0.952804444444444,3.22765883856795
"IAH4-1-716","IAH4",1,716,"B73/MO17",55,0.971848888888889,3.74264552580907
"IAH4-1-723","IAH4",1,723,"F42/OH43",30,0.938344,2.99922005913038
"IAH4-1-752","IAH4",1,752,"B37/MO17",45,0.959962666666667,3.48045108527896
"IAH4-1-755","IAH4",1,755,"F42/MO17",41,0.963387555555556,3.49149093644646
"IAH4-1-764","IAH4",1,764,"B37/H95",53,0.970016,3.68449772574706
"IAH4-1-787","IAH4",1,787,"2369/LH123HT",37,0.945771555555556,3.17379717446177
"IAH4-1-82","IAH4",1,82,"CG44/CGR01",45,0.9624,3.47313295467941
"IAH4-2-1016","IAH4",2,1016,"PHW52/PHM49",57,0.969971555555556,3.70968095862427
"IAH4-2-1032","IAH4",2,1032,"B14A/MO17",58,0.939481777777778,3.32752068564104
"IAH4-2-1044","IAH4",2,1044,"F42/OH43",102,0.986576,4.42505774114596
"IAH4-2-1061","IAH4",2,1061,"B73/PHN82",36,0.966815111111111,3.48614666593134
"IAH4-2-1067","IAH4",2,1067,"F42/H95",40,0.959752888888889,3.42245062185749
"IAH4-2-1068","IAH4",2,1068,"F42/MO17",65,0.975136,3.88412566760214
"IAH4-2-1082","IAH4",2,1082,"CG119/CG108",49,0.971671111111111,3.70156535571869
"IAH4-2-1088","IAH4",2,1088,"PHG39/PHN82",19,0.919026666666667,2.66452001940467
"IAH4-2-1153","IAH4",2,1153,"2369/LH123HT",55,0.977230222222222,3.88159831141091
"IAH4-2-1174","IAH4",2,1174,"B37/OH43",32,0.952152888888889,3.23684761102271
"IAH4-2-1187","IAH4",2,1187,"PHW52/PHN82",58,0.977006222222222,3.87735263576161
"IAH4-2-1218","IAH4",2,1218,"F42/MO17",45,0.964216,3.50471367529118
"IAH4-2-1220","IAH4",2,1220,"PHW52/PHN82",33,0.957438222222222,3.28842473741306
"IAH4-2-1290","IAH4",2,1290,"LH74/PHN82",32,0.952000888888889,3.22079117145391
"IAH4-2-1336","IAH4",2,1336,"F42/H95",44,0.950979555555556,3.33927816965457
"IAH4-2-1378","IAH4",2,1378,"CG119/CG108",41,0.969773333333333,3.58495957676883
"IAH4-2-1390","IAH4",2,1390,"CG44/CGR01",42,0.959094222222222,3.413574436659
"IAH4-2-1401","IAH4",2,1401,"F42/OH43",40,0.964913777777778,3.48869920939607
"IAH4-2-1405","IAH4",2,1405,"2369/LH123HT",36,0.956320888888889,3.28320735897091
"IAH4-2-1409","IAH4",2,1409,"B14A/OH43",32,0.958477333333333,3.29165848395601
"IAH4-2-1414","IAH4",2,1414,"B73/MO17",67,0.978889777777778,3.99519478026043
"IAH4-2-1444","IAH4",2,1444,"B14A/MO17",30,0.957350222222222,3.2479771640486
"IAH4-2-1460","IAH4",2,1460,"PHG39/PHN82",24,0.942141333333333,3.00552826015277
"IAH4-2-1494","IAH4",2,1494,"B73/PHM49",39,0.959078222222222,3.36988297564066
"IAH4-2-1498","IAH4",2,1498,"B37/OH43",40,0.957612444444444,3.39413820051882
"IAH4-2-1516","IAH4",2,1516,"B73/PHN82",29,0.960358222222222,3.29310551581385
"IAH4-2-1526","IAH4",2,1526,"PHW52/PHM49",59,0.970203555555556,3.7595313817767
"IAH4-2-1534","IAH4",2,1534,"B14A/H95",26,0.939518222222222,2.97906344936116
"IAH4-2-1536","IAH4",2,1536,"B37/H95",32,0.953784,3.2381626284035
"IAH4-2-1570","IAH4",2,1570,"B37/MO17",23,0.912713777777778,2.68405761249902
"IAH4-2-802","IAH4",2,802,"B14A/OH43",48,0.963115555555556,3.50598419514882
"IAH4-2-821","IAH4",2,821,"LH74/PHN82",15,0.886292444444444,2.41252242167482
"IAH4-2-848","IAH4",2,848,"B37/MO17",37,0.962362666666667,3.41939146694993
"IAH4-2-854","IAH4",2,854,"B73/PHM49",42,0.964923555555556,3.4912134290925
"IAH4-2-941","IAH4",2,941,"CG44/CGR01",54,0.975835555555556,3.83815678981954
"IAH4-2-942","IAH4",2,942,"B73/MO17",36,0.961682666666667,3.42370743554786
"INH1-1-102","INH1",1,102,"B73/PHN82",38,0.960447111111111,3.40802799715255
"INH1-1-127","INH1",1,127,"B73/PHM49",19,0.933482666666667,2.81650450145237
"INH1-1-145","INH1",1,145,"LH74/PHN82",59,0.970428444444444,3.73947276353396
"INH1-1-17","INH1",1,17,"F42/MO17",22,0.943195555555556,2.97530101917125
"INH1-1-172","INH1",1,172,"B14A/OH43",42,0.966909333333333,3.52783432817104
"INH1-1-206","INH1",1,206,"CG44/CGR01",34,0.949843555555556,3.19400283768953
"INH1-1-26","INH1",1,26,"F42/H95",18,0.925,2.6964961793065
"INH1-1-55","INH1",1,55,"2369/LH123HT",32,0.956766222222222,3.26384357815944
"INH1-1-58","INH1",1,58,"B14A/H95",18,0.936611555555556,2.80747650649708
"INH1-1-6","INH1",1,6,"B37/MO17",20,0.925926222222222,2.7871921905293
"INH1-1-66","INH1",1,66,"B37/OH43",23,0.947113777777778,3.03173358136235
"INH1-1-97","INH1",1,97,"B37/H95",34,0.960533333333333,3.34428116887657
"INH1-2-260","INH1",2,260,"B37/OH43",36,0.945229333333333,3.20359717239511
"INH1-2-265","INH1",2,265,"F42/MO17",15,0.895371555555556,2.41304431491752
"INH1-2-301","INH1",2,301,"B37/H95",17,0.916515555555556,2.60323998654501
"INH1-2-306","INH1",2,306,"PHW52/PHN82",15,0.920101333333333,2.58261777648399
"INH1-2-319","INH1",2,319,"PHG39/PHN82",27,0.937012444444444,2.97923246815186
"INH1-2-395","INH1",2,395,"PHW52/PHM49",26,0.945159111111111,3.0369518621364
"INH1-2-428","INH1",2,428,"B14A/H95",39,0.964736,3.4694300797538
"INH1-2-430","INH1",2,430,"F42/H95",7,0.801189333333333,1.75809375722435
"INH1-2-445","INH1",2,445,"B14A/OH43",22,0.932580444444444,2.84474778741562
"INH1-2-449","INH1",2,449,"CG119/CG108",24,0.939958222222222,2.93702151627446
"MIH1-1-144","MIH1",1,144,"B37/OH43",31,0.948090666666667,3.12296917363991
"MIH1-1-178","MIH1",1,178,"LH74/PHN82",28,0.938333333333333,3.02557617730311
"MIH1-1-212","MIH1",1,212,"B37/H95",14,0.92156,2.58474886830236
"MIH1-1-217","MIH1",1,217,"B14A/OH43",19,0.929439111111111,2.78523035180695
"MIH1-1-28","MIH1",1,28,"B14A/H95",33,0.953448888888889,3.22835413339535
"MIH1-1-6","MIH1",1,6,"PHW52/PHN82",37,0.954791111111111,3.30185156791442
"MIH1-1-8","MIH1",1,8,"F42/OH43",20,0.919810666666667,2.72913660838543
"MIH1-2-296","MIH1",2,296,"F42/MO17",25,0.926351111111111,2.85647087811023
"MIH1-2-367","MIH1",2,367,"CG44/CGR01",22,0.936969777777778,2.89145576509745
"MIH1-2-429","MIH1",2,429,"CG119/CG108",12,0.891187555555556,2.31053865729861
"MIH1-2-454","MIH1",2,454,"B37/OH43",16,0.916980444444444,2.60946328066303
"MIH1-2-471","MIH1",2,471,"B14A/H95",24,0.940153777777778,2.92954140972645
"MIH1-2-474","MIH1",2,474,"PHW52/PHN82",21,0.931224,2.81786210976485
"MNH1-1-140","MNH1",1,140,"B37/OH43",48,0.971855111111111,3.6782438644497
"MNH1-1-175","MNH1",1,175,"F42/OH43",28,0.955099555555556,3.19916215585498
"MNH1-1-185","MNH1",1,185,"B37/MO17",61,0.978095111111111,3.93551410211423
"MNH1-1-189","MNH1",1,189,"B37/H95",37,0.961683555555556,3.41391382801902
"MNH1-1-221","MNH1",1,221,"CG119/CG108",61,0.977997333333333,3.93469531131463
"MNH1-1-24","MNH1",1,24,"H95/B14A",42,0.959613333333333,3.44448568863301
"MNH1-1-259","MNH1",1,259,"B37/H95",43,0.963535111111111,3.50654743123759
"MNH1-1-274","MNH1",1,274,"2369/LH123HT",32,0.938095111111111,3.1221006172309
"MNH1-1-286","MNH1",1,286,"B37/OH43",67,0.977616888888889,3.96250042017596
"MNH1-1-345","MNH1",1,345,"PHW52/PHM49",49,0.954611555555556,3.44764964753354
"MNH1-1-347","MNH1",1,347,"B37/H95",40,0.951739555555556,3.26370708428019
"MNH1-1-353","MNH1",1,353,"B37/MO17",51,0.963743111111111,3.5781306680867
"MNH1-1-376","MNH1",1,376,"CGR01/CG44",35,0.949136888888889,3.19952448690149
"MNH1-1-460","MNH1",1,460,"B37/OH43",44,0.955119111111111,3.46317099091947
"MNH1-1-475","MNH1",1,475,"2369/LH123HT",41,0.963784888888889,3.48950355374151
"MNH1-1-476","MNH1",1,476,"B37/H95",49,0.964803555555556,3.57243848794132
"MNH1-1-491","MNH1",1,491,"B37/MO17",47,0.968789333333333,3.66065862699747
"MNH1-1-514","MNH1",1,514,"F42/OH43",52,0.970111111111111,3.703736213758
"MNH1-1-54","MNH1",1,54,"B37/H95",46,0.972085333333333,3.67858536808889
"MNH1-1-542","MNH1",1,542,"H95/B14A",34,0.952407111111111,3.2901271886426
"MNH1-1-552","MNH1",1,552,"B37/H95",59,0.974101333333333,3.83565867457032
"MNH1-1-573","MNH1",1,573,"CG44/CGR01",51,0.971528888888889,3.69929735004103
"MNH1-1-615","MNH1",1,615,"CGR01/CG44",29,0.952893333333333,3.20704856408965
"MNH1-1-632","MNH1",1,632,"F42/OH43",62,0.975493333333333,3.89531724919698
"MNH1-1-635","MNH1",1,635,"B37/OH43",55,0.970580444444444,3.72570280382509
"MNH1-1-642","MNH1",1,642,"CG119/CG108",31,0.953073777777778,3.25109196265103
"MNH1-1-695","MNH1",1,695,"F42/OH43",42,0.947009777777778,3.33058220324351
"MNH1-1-699","MNH1",1,699,"B37/MO17",54,0.970958222222222,3.73357862190407
"MNH1-1-701","MNH1",1,701,"B37/H95",40,0.958504888888889,3.45728085107485
"MNH1-1-74","MNH1",1,74,"CG44/CGR01",29,0.938823111111111,3.04698308659606
"MNH1-1-758","MNH1",1,758,"B37/H95",64,0.977860444444444,3.95678107420832
"MNH1-1-769","MNH1",1,769,"PHW52/PHM49",52,0.968348444444444,3.65269810684575
"MNH1-1-85","MNH1",1,85,"B37/OH43",54,0.970694222222222,3.68728669095337
"MNH1-1-86","MNH1",1,86,"B37/H95",35,0.957862222222222,3.36394715969984
"MNH1-1-94","MNH1",1,94,"F42/OH43",24,0.944768888888889,3.01055962860388
"MNH1-2-1017","MNH1",2,1017,"B37/OH43",46,0.964989333333333,3.53878067440821
"MNH1-2-1039","MNH1",2,1039,"B37/H95",41,0.964010666666667,3.51253713491869
"MNH1-2-1136","MNH1",2,1136,"B37/OH43",88,0.985232,4.31341331401456
"MNH1-2-1139","MNH1",2,1139,"F42/OH43",25,0.938897777777778,2.98173782517619
"MNH1-2-1143","MNH1",2,1143,"B37/MO17",40,0.957239111111111,3.39701826108696
"MNH1-2-1157","MNH1",2,1157,"B37/H95",39,0.958189333333333,3.39423605566375
"MNH1-2-1187","MNH1",2,1187,"B37/OH43",56,0.971614222222222,3.75455850078928
"MNH1-2-1276","MNH1",2,1276,"CG119/CG108",46,0.970177777777778,3.62820059538204
"MNH1-2-1298","MNH1",2,1298,"B37/OH43",46,0.957019555555556,3.42662217842011
"MNH1-2-1305","MNH1",2,1305,"B37/H95",42,0.964564444444444,3.52076166166971
"MNH1-2-1307","MNH1",2,1307,"F42/OH43",44,0.964973333333333,3.53956503656594
"MNH1-2-1319","MNH1",2,1319,"B37/H95",74,0.980650666666667,4.08741935138213
"MNH1-2-1323","MNH1",2,1323,"B37/OH43",41,0.957752,3.3900942004429
"MNH1-2-1343","MNH1",2,1343,"F42/OH43",46,0.961973333333333,3.51003119839243
"MNH1-2-1413","MNH1",2,1413,"B37/H95",40,0.948729777777778,3.25890029301833
"MNH1-2-1427","MNH1",2,1427,"B37/MO17",34,0.955520888888889,3.29658553489777
"MNH1-2-1464","MNH1",2,1464,"F42/OH43",46,0.962635555555556,3.49520705309961
"MNH1-2-1465","MNH1",2,1465,"H95/B14A",44,0.966210666666667,3.56328012799062
"MNH1-2-1479","MNH1",2,1479,"2369/LH123HT",56,0.970245333333333,3.75991581499824
"MNH1-2-1489","MNH1",2,1489,"B37/H95",46,0.956468444444444,3.40246042934992
"MNH1-2-1518","MNH1",2,1518,"CG44/CGR01",57,0.970809777777778,3.77170239697202
"MNH1-2-1521","MNH1",2,1521,"PHW52/PHM49",51,0.962010666666667,3.57237280086313
"MNH1-2-1590","MNH1",2,1590,"B37/OH43",70,0.980278222222222,4.05290369315325
"MNH1-2-847","MNH1",2,847,"B37/H95",67,0.973903111111111,3.88663134175447
"MNH1-2-856","MNH1",2,856,"F42/OH43",54,0.968971555555556,3.69603080263619
"MNH1-2-892","MNH1",2,892,"CGR01/CG44",32,0.957535111111111,3.30357837619556
"MNH1-2-909","MNH1",2,909,"H95/B14A",29,0.943616,3.10600074618589
"MNH1-2-919","MNH1",2,919,"F42/OH43",58,0.971411555555556,3.81175825111555
"MNH1-2-959","MNH1",2,959,"CG119/CG108",45,0.969504888888889,3.62379370081393
"MNH1-2-992","MNH1",2,992,"B37/MO17",20,0.920535111111111,2.70529442582711
"MOH1-1-118","MOH1",1,118,"F42/OH43",29,0.946126222222222,3.08104472138436
"MOH1-1-149","MOH1",1,149,"B37/H95",54,0.965040888888889,3.58461456946596
"MOH1-1-186","MOH1",1,186,"B37/H95",37,0.943973333333333,3.23285743017921
"MOH1-1-20","MOH1",1,20,"B37/OH43",25,0.927264888888889,2.83017943600538
"MOH1-1-206","MOH1",1,206,"B37/H95",19,0.901136,2.54985253369125
"MOH1-1-259","MOH1",1,259,"H95/B14A",22,0.932152,2.82863476681022
"MOH1-1-268","MOH1",1,268,"CG44/CGR01",49,0.958129777777778,3.4632840108286
"MOH1-1-277","MOH1",1,277,"CG119/CG108",28,0.942061333333333,3.03276414928169
"MOH1-1-285","MOH1",1,285,"2369/LH123HT",26,0.927848888888889,2.8240463944726
"MOH1-1-303","MOH1",1,303,"F42/OH43",44,0.965175111111111,3.50833085872807
"MOH1-1-31","MOH1",1,31,"B37/OH43",20,0.878165333333333,2.53745090891912
"MOH1-1-344","MOH1",1,344,"B37/H95",35,0.956517333333333,3.28445592348888
"MOH1-1-357","MOH1",1,357,"F42/OH43",23,0.922724444444444,2.74963010203029
"MOH1-1-367","MOH1",1,367,"B37/H95",43,0.954854222222222,3.34128041313257
"MOH1-1-4","MOH1",1,4,"B37/MO17",25,0.929592888888889,2.86813091427507
"MOH1-1-58","MOH1",1,58,"B37/MO17",38,0.957271111111111,3.34309547345314
"MOH1-1-91","MOH1",1,91,"B37/OH43",17,0.912104,2.5810920344483
"MOH1-1-98","MOH1",1,98,"PHW52/PHM49",29,0.925423111111111,2.94576366659956
"MOH1-2-1005","MOH1",2,1005,"2369/LH123HT",46,0.974115555555556,3.72813636902853
"MOH1-2-1021","MOH1",2,1021,"B37/H95",33,0.934658666666667,3.04209315530136
"MOH1-2-1037","MOH1",2,1037,"CG44/CGR01",24,0.930801777777778,2.86525422510774
"MOH1-2-1115","MOH1",2,1115,"B37/H95",44,0.964824888888889,3.48823216871016
"MOH1-2-1154","MOH1",2,1154,"F42/OH43",48,0.960868444444444,3.48277874048833
"MOH1-2-1188","MOH1",2,1188,"B37/H95",54,0.970509333333333,3.71848019684367
"MOH1-2-1197","MOH1",2,1197,"F42/OH43",24,0.935871111111111,2.91751799364792
"MOH1-2-803","MOH1",2,803,"B37/MO17",42,0.962411555555556,3.44842814302091
"MOH1-2-823","MOH1",2,823,"CG119/CG108",51,0.964177777777778,3.58230682096146
"MOH1-2-886","MOH1",2,886,"B37/MO17",38,0.956598222222222,3.31593022336349
"NCH1-1-109","NCH1",1,109,"B37/OH43",47,0.921672888888889,3.06582902809429
"NCH1-1-138","NCH1",1,138,"TX714/TX779",97,0.984357333333333,4.3858479132051
"NCH1-1-150","NCH1",1,150,"B73/MO17",36,0.947994666666667,3.23180990758843
"NCH1-1-155","NCH1",1,155,"PHW52/PHM49",10,0.845096888888889,2.05343793959496
"NCH1-1-171","NCH1",1,171,"F42/MO17",19,0.930055111111111,2.77627937877284
"NCH1-1-198","NCH1",1,198,"B73/TX779",58,0.978312,3.93856470284304
"NCH1-1-200","NCH1",1,200,"LH74/PHN82",28,0.844900444444444,2.54185705403102
"NCH1-1-204","NCH1",1,204,"CG44/CGR01",76,0.974293333333333,3.96047482610576
"NCH1-1-219","NCH1",1,219,"B73/PHM49",29,0.908591111111111,2.80465194846773
"NCH1-1-230","NCH1",1,230,"B37/MO17",78,0.976436444444444,4.06968441395535
"NCH1-1-240","NCH1",1,240,"TX777/LH195",37,0.923789333333333,3.13875813130018
"NCH1-1-249","NCH1",1,249,"B37/H95",27,0.953969777777778,3.16257376588996
"NCH1-1-250","NCH1",1,250,"2369/LH123HT",70,0.9636,3.80150629931315
"NCH1-1-276","NCH1",1,276,"F42/H95",39,0.966627555555556,3.52833298387999
"NCH1-1-278","NCH1",1,278,"B14A/OH43",19,0.893509333333333,2.49620209051351
"NCH1-1-282","NCH1",1,282,"TX777/LH195",59,0.946153777777778,3.57344849634395
"NCH1-1-288","NCH1",1,288,"2369/LH123HT",50,0.943355555555556,3.38474998750116
"NCH1-1-298","NCH1",1,298,"CG119/CG108",48,0.965972444444444,3.56567030074244
"NCH1-1-332","NCH1",1,332,"TX714/TX779",46,0.921496,3.07473281290904
"NCH1-1-358","NCH1",1,358,"PHW52/PHN82",35,0.896429333333333,2.81464405685596
"NCH1-1-382","NCH1",1,382,"B73/PHN82",49,0.960118222222222,3.60740558159413
"NCH1-1-388","NCH1",1,388,"LH74/PHN82",23,0.914673777777778,2.68970485928008
"NCH1-1-395","NCH1",1,395,"B73/MO17",66,0.976349333333333,3.99227789322061
"NCH1-1-420","NCH1",1,420,"TX779/LH195",67,0.960484444444444,3.82988743758719
"NCH1-1-428","NCH1",1,428,"B73/PHM49",53,0.966878222222222,3.69630147881202
"NCH1-1-43","NCH1",1,43,"PHG39/PHN82",32,0.962942222222222,3.3793053884538
"NCH1-1-437","NCH1",1,437,"PHG39/PHN82",64,0.978024,4.01313882510549
"NCH1-1-45","NCH1",1,45,"B14A/H95",12,0.859411555555556,2.13048224817033
"NCH1-1-453","NCH1",1,453,"TX110/87916",42,0.965634666666667,3.57331746797955
"NCH1-1-456","NCH1",1,456,"B14A/MO17",55,0.970367111111111,3.80947487583093
"NCH1-1-457","NCH1",1,457,"B37/H95",16,0.919776,2.6206662115533
"NCH1-1-472","NCH1",1,472,"F42/OH43",6,0.685528888888889,1.32794320868823
"NCH1-1-487","NCH1",1,487,"F42/MO17",76,0.969881777777778,3.94987335660152
"NCH1-1-50","NCH1",1,50,"B14A/MO17",23,0.945427555555556,3.00437653245947
"NCH1-1-91","NCH1",1,91,"TX110/87916",39,0.966887111111111,3.51878452722708
"NCH1-1-96","NCH1",1,96,"CG119/CG108",48,0.965046222222222,3.56805681774882
"NCH1-2-848","NCH1",2,848,"B73/PHN82",61,0.969669333333333,3.8514824478519
"NCH1-2-859","NCH1",2,859,"PHW52/PHM49",48,0.962656,3.6208011043806
"NCH1-2-862","NCH1",2,862,"B14A/MO17",80,0.983331555555556,4.22870625552781
"NCH1-2-874","NCH1",2,874,"F42/H95",49,0.970146666666667,3.70501182824176
"NCH1-2-896","NCH1",2,896,"B73/MO17",30,0.959196444444444,3.29147118114374
"NCH1-2-898","NCH1",2,898,"LH74/PHN82",65,0.980182222222222,4.03805304395075
"NCH1-2-906","NCH1",2,906,"B14A/H95",28,0.951544888888889,3.18797287796871
"NCH1-2-953","NCH1",2,953,"B73/TX779",18,0.803610666666667,2.02526128372516
"NCH1-2-961","NCH1",2,961,"B37/MO17",42,0.972174222222222,3.65263459858203
"NCH1-2-968","NCH1",2,968,"B37/H95",22,0.946488888888889,2.99565889411238
"NCH1-2-975","NCH1",2,975,"B14A/OH43",54,0.958519111111111,3.6508083287796
"NCH1-2-989","NCH1",2,989,"CG119/CG108",41,0.962056,3.46498629697696
"NEH1-1-123","NEH1",1,123,"CGR01/CG44",49,0.969914666666667,3.69766266085049
"NEH1-1-125","NEH1",1,125,"B37/OH43",21,0.947386666666667,2.98748374391452
"NEH1-1-135","NEH1",1,135,"Unknown8",38,0.969474666666667,3.56420525466987
"NEH1-1-145","NEH1",1,145,"Unknown9",36,0.954503111111111,3.33097121003201
"NEH1-1-149","NEH1",1,149,"B37/OH43",20,0.93856,2.88182188239974
"NEH1-1-16","NEH1",1,16,"B14A/H95",37,0.966101333333333,3.46176988517976
"NEH1-1-184","NEH1",1,184,"Unknown10",63,0.978485333333333,3.97963637954489
"NEH1-1-198","NEH1",1,198,"B37/H95",44,0.951320888888889,3.49299924652986
"NEH1-1-28","NEH1",1,28,"2369/LH123HT",32,0.957719111111111,3.27466023383963
"NEH1-1-35","NEH1",1,35,"F42/OH43",20,0.932335111111111,2.83066304691143
"NEH1-1-53","NEH1",1,53,"B14A/OH43",19,0.943149333333333,2.89986328669457
"NEH1-1-55","NEH1",1,55,"B14A/MO17",45,0.970313777777778,3.65706141352367
"NEH1-1-72","NEH1",1,72,"B37/H95",50,0.969526222222222,3.72004599665465
"NEH1-1-76","NEH1",1,76,"H95/B14A",49,0.975643555555556,3.79172947167422
"NEH1-1-79","NEH1",1,79,"F42/OH43",34,0.937976888888889,3.22690511520632
"NEH1-1-85","NEH1",1,85,"CG44/CGR01",29,0.92,2.94749239419828
"NEH1-1-89","NEH1",1,89,"B37/H95",47,0.972913777777778,3.73596792581219
"NEH1-2-210","NEH1",2,210,"B37/OH43",17,0.923390222222222,2.68969596594311
"NEH1-2-220","NEH1",2,220,"CG44/CGR01",54,0.946032888888889,3.34587901170299
"NEH1-2-231","NEH1",2,231,"B37/H95",34,0.959720888888889,3.35536466927928
"NEH1-2-233","NEH1",2,233,"CG119/CG108",27,0.951863111111111,3.13795343216953
"NEH1-2-248","NEH1",2,248,"B37/OH43",32,0.953901333333333,3.26891115663946
"NEH1-2-254","NEH1",2,254,"H95/B14A",50,0.951151111111111,3.46397813571837
"NEH1-2-279","NEH1",2,279,"2369/LH123HT",36,0.966251555555556,3.48191820762129
"NEH1-2-288","NEH1",2,288,"PHW52/PHM49",25,0.952740444444445,3.13069405824906
"NEH1-2-300","NEH1",2,300,"F42/OH43",24,0.945443555555556,3.01997004514922
"NEH1-2-314","NEH1",2,314,"B37/MO17",53,0.970894222222222,3.78612610791496
"NEH1-2-346","NEH1",2,346,"B37/H95",21,0.936896,2.88240664501842
"NEH1-2-347","NEH1",2,347,"B14A/H95",24,0.947862222222222,3.05927482176439
"NEH1-2-355","NEH1",2,355,"F42/OH43",46,0.970183111111111,3.66027825263641
"NEH1-2-372","NEH1",2,372,"B37/H95",24,0.943755555555556,3.01392189986542
"NEH1-2-381","NEH1",2,381,"B14A/OH43",61,0.979216888888889,3.98032970675203
"NEH2-1-105","NEH2",1,105,"B14A/MO17",25,0.948316444444444,3.08725417856257
"NEH2-1-106","NEH2",1,106,"2369/LH123HT",40,0.961591111111111,3.40940102896939
"NEH2-1-120","NEH2",1,120,"Unknown11",27,0.956466666666667,3.20695086972361
"NEH2-1-136","NEH2",1,136,"PHW52/PHM49",31,0.960892444444444,3.32381365560498
"NEH2-1-167-1","NEH2",1,167,"Unknown12",23,0.938809777777778,2.96686650754931
"NEH2-1-174-1","NEH2",1,174,"CG119/CG108",45,0.969660444444444,3.64967214398091
"NEH2-1-18","NEH2",1,18,"B37/MO17",61,0.977432,3.96258452049801
"NEH2-1-183-1","NEH2",1,183,"Unknown14",17,0.900684444444444,2.52762925730477
"NEH2-1-198-1","NEH2",1,198,"B14A/H95",20,0.941503111111111,2.90990660367984
"NEH2-1-2","NEH2",1,2,"B14A/OH43",14,0.919114666666667,2.56434586063725
"NEH2-1-27","NEH2",1,27,"B37/H95",71,0.980610666666667,4.08855616474927
"NEH2-1-34","NEH2",1,34,"PHN11_PHW65_0577/LH195",28,0.94952,3.14396596274237
"NEH2-1-42","NEH2",1,42,"CG44/CGR01",40,0.960707555555556,3.47220900639252
"NEH2-1-48","NEH2",1,48,"B37/OH43",48,0.918173333333333,3.11750218317119
"NEH2-1-89","NEH2",1,89,"Unknown16",30,0.952494222222222,3.22177837804039
"NEH2-1-93","NEH2",1,93,"Unknown17",30,0.958003555555555,3.26582829520905
"NYH2-1-127","NYH2",1,127,"PHN11_PHW65_0614/PHT69",29,0.949435555555556,3.1332842589233
"NYH2-1-178","NYH2",1,178,"MO44_PHW65_0214/PHT69",19,0.920566222222222,2.69587919046249
"NYH2-1-215","NYH2",1,215,"MO44_PHW65_0225/PHT69",19,0.923196444444444,2.72100344834183
"NYH2-1-293","NYH2",1,293,"PHN11_PHW65_0300/PHT69",98,0.984730666666667,4.33552010838162
"NYH2-1-296","NYH2",1,296,"PHN11_PHW65_0049/PHT69",11,0.891560888888889,2.30480864284754
"NYH2-2-411","NYH2",2,411,"PHW65_MOG_0421/PHT69",24,0.944295111111111,3.00948607681898
"NYH2-2-429","NYH2",2,429,"PHW65_MOG_0025/PHT69",23,0.941214222222222,2.95958635909257
"NYH2-2-479","NYH2",2,479,"PHW65_MOG_0583/PHT69",37,0.965550222222222,3.47100275445459
"NYH2-2-539","NYH2",2,539,"PHW65_MOG_0018/PHT69",44,0.961753777777778,3.53093757001682
"NYH2-2-622","NYH2",2,622,"MO44_PHW65_0397/PHT69",12,0.874984888888889,2.21547205886224
"NYH2-2-657","NYH2",2,657,"PHN11_PHW65_0285/PHT69",17,0.921265777777778,2.65479501686368
"NYH2-2-702","NYH2",2,702,"PHN11_PHW65_0514/PHT69",52,0.951075555555556,3.41735362619005
"NYH2-2-705","NYH2",2,705,"PHN11_PHW65_0092/PHT69",14,0.914530666666667,2.52793677691678
"NYH2-2-713","NYH2",2,713,"PHN11_PHW65_0291/PHT69",32,0.951030222222222,3.23430111195826
"NYH2-2-793","NYH2",2,793,"PHN11_PHW65_0591/PHT69",39,0.956235555555556,3.33412039782367
"NYH3-1-107","NYH3",1,107,"LH74/PHN82",25,0.928367111111111,2.8563488739316
"NYH3-1-192","NYH3",1,192,"B14A/OH43",20,0.916537777777778,2.67608609737841
"NYH3-1-202","NYH3",1,202,"B73/MO17",45,0.956048,3.4109287540491
"NYH3-1-293","NYH3",1,293,"F42/OH43",36,0.96116,3.36469369456379
"NYH3-1-349","NYH3",1,349,"F42/H95",29,0.939659555555556,3.03057649711305
"NYH3-1-377","NYH3",1,377,"CG119/CG108",48,0.968247111111111,3.60916462052968
"NYH3-1-379","NYH3",1,379,"B14A/MO17",19,0.928438222222222,2.76243027205612
"NYH3-2-411","NYH3",2,411,"B14A/H95",14,0.901568888888889,2.42696090311404
"NYH3-2-616","NYH3",2,616,"CG119/CG108",33,0.953887111111111,3.24967778693787
"NYH3-2-705","NYH3",2,705,"B14A/OH43",22,0.922264888888889,2.78409319095331
"NYH3-2-743","NYH3",2,743,"B37/H95",24,0.932991111111111,2.90853754069517
"NYH3-2-754","NYH3",2,754,"PHG39/PHN82",23,0.926186666666667,2.81100381743844
"OHH1-1-1","OHH1",1,1,"B37/H95",15,0.926327111111111,2.6556389755398
"OHH1-1-118","OHH1",1,118,"F42/OH43",21,0.929936,2.83338472793139
"OHH1-1-12","OHH1",1,12,"B37/OH43",107,0.975869333333333,4.17902555445897
"OHH1-1-171","OHH1",1,171,"F42/OH43",20,0.921993777777778,2.74385939461031
"OHH1-1-181","OHH1",1,181,"B37/OH43",21,0.933484444444444,2.8526928180871
"OHH1-1-19","OHH1",1,19,"B37/H95",35,0.959133333333333,3.34447517982727
"OHH1-1-226","OHH1",1,226,"B37/OH43",17,0.921454222222222,2.64013699845222
"OHH1-1-76","OHH1",1,76,"B37/MO17",20,0.938747555555556,2.87502741576658
"OHH1-1-78","OHH1",1,78,"B37/H95",14,0.883098666666667,2.34420785576422
"OHH1-1-9","OHH1",1,9,"CG119/CG108",19,0.932490666666667,2.78782946025347
"OHH1-2-252","OHH1",2,252,"B37/OH43",51,0.975014222222222,3.76592336528215
"OHH1-2-308","OHH1",2,308,"B37/H95",25,0.949632,3.10599844061883
"OHH1-2-343","OHH1",2,343,"F42/OH43",15,0.925062222222222,2.64760836877034
"OHH1-2-370","OHH1",2,370,"CG44/CGR01",33,0.940881777777778,3.09606035041942
"OHH1-2-389","OHH1",2,389,"CGR01/CG44",17,0.918387555555556,2.61612723266994
"OHH1-2-408","OHH1",2,408,"B37/OH43",23,0.940243555555555,2.9384756934181
"OHH1-2-419","OHH1",2,419,"CG119/CG108",14,0.894137777777778,2.36233937630417
"OHH1-2-435","OHH1",2,435,"2369/LH123HT",27,0.920492444444444,2.87819746455624
"SCH1-1-107","SCH1",1,107,"CG44/CGR01",39,0.950029333333333,3.21656171402688
"SCH1-1-110","SCH1",1,110,"B14A/MO17",42,0.953648888888889,3.29934474940966
"SCH1-1-115","SCH1",1,115,"F42/MO17",23,0.925604444444444,2.79783243758864
"SCH1-1-13","SCH1",1,13,"B37/H95",39,0.955040888888889,3.33011388755912
"SCH1-1-156","SCH1",1,156,"B14A/H95",25,0.937630222222222,2.94971649844252
"SCH1-1-157","SCH1",1,157,"LH74/PHN82",57,0.962372444444444,3.63738119614744
"SCH1-1-162","SCH1",1,162,"B14A/OH43",44,0.952931555555556,3.35892311313366
"SCH1-1-170","SCH1",1,170,"2369/LH123HT",36,0.955912,3.29321823484423
"SCH1-1-188","SCH1",1,188,"B73/MO17",20,0.911832888888889,2.59817421436972
"SCH1-1-207","SCH1",1,207,"PHW52/PHN82",30,0.919022222222222,2.79700593008578
"SCH1-1-211","SCH1",1,211,"F42/OH43",22,0.928285333333333,2.80578129420739
"SCH1-1-23","SCH1",1,23,"B37/OH43",24,0.929027555555556,2.84460935715544
"SCH1-1-250","SCH1",1,250,"F42/H95",23,0.920332444444445,2.76982586195456
"SCH1-1-52","SCH1",1,52,"PHW52/PHM49",25,0.912144,2.72362665343083
"SCH1-1-54","SCH1",1,54,"CG119/CG108",34,0.944573333333333,3.14653625932039
"SCH1-1-73","SCH1",1,73,"B73/PHN82",19,0.904144888888889,2.53921872272992
"SCH1-1-78","SCH1",1,78,"B37/MO17",43,0.967855111111111,3.58705944206165
"SCH1-1-90","SCH1",1,90,"B73/PHM49",42,0.941080888888889,3.23963095191182
"SCH1-1-96","SCH1",1,96,"PHG39/PHN82",28,0.930140444444444,2.92089503192702
"SCH1-2-272","SCH1",2,272,"CG44/CGR01",35,0.917907555555556,2.95182269158523
"SCH1-2-287","SCH1",2,287,"B14A/OH43",27,0.927589333333333,2.84398395258035
"SCH1-2-293","SCH1",2,293,"PHW52/PHM49",38,0.943892444444444,3.12540807396771
"SCH1-2-298","SCH1",2,298,"F42/MO17",32,0.936096,3.00919710163121
"SCH1-2-300","SCH1",2,300,"B14A/H95",70,0.972013333333333,3.88744130819866
"SCH1-2-305","SCH1",2,305,"B73/MO17",29,0.947221333333333,3.10086341922357
"SCH1-2-328","SCH1",2,328,"B14A/MO17",67,0.959365333333333,3.69910696170507
"SCH1-2-344","SCH1",2,344,"B37/OH43",23,0.935096888888889,2.88138618296114
"SCH1-2-345","SCH1",2,345,"B73/PHN82",44,0.955064888888889,3.41070409879311
"SCH1-2-373","SCH1",2,373,"PHG39/PHN82",22,0.926574222222222,2.76496107247575
"SCH1-2-396","SCH1",2,396,"B37/H95",67,0.970662222222222,3.85372584586182
"SCH1-2-418","SCH1",2,418,"B37/MO17",25,0.925678222222222,2.83901198730899
"SCH1-2-431","SCH1",2,431,"CG119/CG108",66,0.964552,3.65245167725273
"SCH1-2-459","SCH1",2,459,"F42/H95",26,0.871696,2.42811308017776
"SCH1-2-460","SCH1",2,460,"B73/PHM49",39,0.940501333333333,3.17150440980383
"SCH1-2-464","SCH1",2,464,"F42/OH43",24,0.927014222222222,2.86960546321608
"SCH1-2-471","SCH1",2,471,"PHW52/PHN82",18,0.879005333333333,2.40357634993246
"SCH1-2-480","SCH1",2,480,"2369/LH123HT",59,0.967016888888889,3.78409924030038
"SCH1-2-486","SCH1",2,486,"LH74/PHN82",49,0.967119111111111,3.58718128923126
